"scenario","region_id","pop","estimate","Outcome","number","Pollutant","Cause","double_counted","AgeGrp","region_name","iso3","version","epi_version","calc_causes","pop_year","ref"
"scenario","BGD.1_1",8526300.30507727,"central","YLLs",-24235.8242017456,"PM25","LRI.child",FALSE,"0-4","Barisal","BGD","0.6.1","gbd2021","GBD only",2020,"0.6.1"
"scenario","BGD.1_1",8526300.30507727,"central","Deaths.child",-271.235435697334,"PM25","LRI.child",FALSE,"0-4","Barisal","BGD","0.6.1","gbd2021","GBD only",2020,"0.6.1"
"scenario","BGD.1_1",8526300.30507727,"central","YLLs",-21946.5386573685,"PM25","COPD",FALSE,"25+","Barisal","BGD","0.6.1","gbd2021","GBD only",2020,"0.6.1"
"scenario","BGD.1_1",8526300.30507727,"central","YLDs",-5495.06195614827,"PM25","COPD",FALSE,"25+","Barisal","BGD","0.6.1","gbd2021","GBD only",2020,"0.6.1"
"scenario","BGD.1_1",8526300.30507727,"central","Deaths",-1145.70477901699,"PM25","COPD",FALSE,"25+","Barisal","BGD","0.6.1","gbd2021","GBD only",2020,"0.6.1"
"scenario","BGD.1_1",8526300.30507727,"central","YLDs",-11203.9692734936,"PM25","Diabetes",FALSE,"25+","Barisal","BGD","0.6.1","gbd2021","GBD only",2020,"0.6.1"
"scenario","BGD.1_1",8526300.30507727,"central","Deaths",-570.534958829593,"PM25","Diabetes",FALSE,"25+","Barisal","BGD","0.6.1","gbd2021","GBD only",2020,"0.6.1"
"scenario","BGD.1_1",8526300.30507727,"central","YLLs",-35776.6855259878,"PM25","IHD",FALSE,"25+","Barisal","BGD","0.6.1","gbd2021","GBD only",2020,"0.6.1"
"scenario","BGD.1_1",8526300.30507727,"central","Deaths",-1323.27098083444,"PM25","IHD",FALSE,"25+","Barisal","BGD","0.6.1","gbd2021","GBD only",2020,"0.6.1"
"scenario","BGD.1_1",8526300.30507727,"central","YLLs",-2532.62366150683,"PM25","LC",FALSE,"25+","Barisal","BGD","0.6.1","gbd2021","GBD only",2020,"0.6.1"
"scenario","BGD.1_1",8526300.30507727,"central","Deaths",-95.9078899423751,"PM25","LC",FALSE,"25+","Barisal","BGD","0.6.1","gbd2021","GBD only",2020,"0.6.1"
"scenario","BGD.1_1",8526300.30507727,"central","YLLs",-8246.11335642329,"PM25","LRI",FALSE,"25+","Barisal","BGD","0.6.1","gbd2021","GBD only",2020,"0.6.1"
"scenario","BGD.1_1",8526300.30507727,"central","Deaths",-408.834024080605,"PM25","LRI",FALSE,"25+","Barisal","BGD","0.6.1","gbd2021","GBD only",2020,"0.6.1"
"scenario","BGD.1_1",8526300.30507727,"central","YLLs",-26302.0314749601,"PM25","Stroke",FALSE,"25+","Barisal","BGD","0.6.1","gbd2021","GBD only",2020,"0.6.1"
"scenario","BGD.1_1",8526300.30507727,"central","YLDs",-1559.73910561345,"PM25","Stroke",FALSE,"25+","Barisal","BGD","0.6.1","gbd2021","GBD only",2020,"0.6.1"
"scenario","BGD.1_1",8526300.30507727,"central","Deaths",-1095.30709295149,"PM25","Stroke",FALSE,"25+","Barisal","BGD","0.6.1","gbd2021","GBD only",2020,"0.6.1"
"scenario","BGD.1_1",8526300.30507727,"central","exac",-11889.5444815223,"PM25","Asthma",FALSE,"0-18","Barisal","BGD","0.6.1","gbd2021","GBD only",2020,"0.6.1"
"scenario","BGD.1_1",8526300.30507727,"central","exac",-13798.3267899641,"PM25","Asthma",FALSE,"25+","Barisal","BGD","0.6.1","gbd2021","GBD only",2020,"0.6.1"
"scenario","BGD.1_1",8526300.30507727,"central","PTB",-34360.1972423577,"PM25","PTB",FALSE,"Newborn","Barisal","BGD","0.6.1","gbd2021","GBD only",2020,"0.6.1"
"scenario","BGD.1_1",8526300.30507727,"central","LBW",-28017.2350126999,"PM25","LBW",FALSE,"Newborn","Barisal","BGD","0.6.1","gbd2021","GBD only",2020,"0.6.1"
"scenario","BGD.1_1",8526300.30507727,"central","Absences",-9954063.80808761,"PM25","Absences",FALSE,"25+","Barisal","BGD","0.6.1","gbd2021","GBD only",2020,"0.6.1"
"scenario","BGD.1_1",8526300.30507727,"low","YLLs",-14876.5933158875,"PM25","LRI.child",FALSE,"0-4","Barisal","BGD","0.6.1","gbd2021","GBD only",2020,"0.6.1"
"scenario","BGD.1_1",8526300.30507727,"low","Deaths.child",-166.537484614126,"PM25","LRI.child",FALSE,"0-4","Barisal","BGD","0.6.1","gbd2021","GBD only",2020,"0.6.1"
"scenario","BGD.1_1",8526300.30507727,"low","YLLs",-11087.317263851,"PM25","COPD",FALSE,"25+","Barisal","BGD","0.6.1","gbd2021","GBD only",2020,"0.6.1"
"scenario","BGD.1_1",8526300.30507727,"low","YLDs",-2817.79740396286,"PM25","COPD",FALSE,"25+","Barisal","BGD","0.6.1","gbd2021","GBD only",2020,"0.6.1"
"scenario","BGD.1_1",8526300.30507727,"low","Deaths",-592.631382900105,"PM25","COPD",FALSE,"25+","Barisal","BGD","0.6.1","gbd2021","GBD only",2020,"0.6.1"
"scenario","BGD.1_1",8526300.30507727,"low","YLDs",-4956.14854232188,"PM25","Diabetes",FALSE,"25+","Barisal","BGD","0.6.1","gbd2021","GBD only",2020,"0.6.1"
"scenario","BGD.1_1",8526300.30507727,"low","Deaths",-305.832307504773,"PM25","Diabetes",FALSE,"25+","Barisal","BGD","0.6.1","gbd2021","GBD only",2020,"0.6.1"
"scenario","BGD.1_1",8526300.30507727,"low","YLLs",-18896.2322890209,"PM25","IHD",FALSE,"25+","Barisal","BGD","0.6.1","gbd2021","GBD only",2020,"0.6.1"
"scenario","BGD.1_1",8526300.30507727,"low","Deaths",-710.065345128895,"PM25","IHD",FALSE,"25+","Barisal","BGD","0.6.1","gbd2021","GBD only",2020,"0.6.1"
"scenario","BGD.1_1",8526300.30507727,"low","YLLs",-1397.78600679815,"PM25","LC",FALSE,"25+","Barisal","BGD","0.6.1","gbd2021","GBD only",2020,"0.6.1"
"scenario","BGD.1_1",8526300.30507727,"low","Deaths",-53.0575530566618,"PM25","LC",FALSE,"25+","Barisal","BGD","0.6.1","gbd2021","GBD only",2020,"0.6.1"
"scenario","BGD.1_1",8526300.30507727,"low","YLLs",-5120.58685507951,"PM25","LRI",FALSE,"25+","Barisal","BGD","0.6.1","gbd2021","GBD only",2020,"0.6.1"
"scenario","BGD.1_1",8526300.30507727,"low","Deaths",-256.840214898716,"PM25","LRI",FALSE,"25+","Barisal","BGD","0.6.1","gbd2021","GBD only",2020,"0.6.1"
"scenario","BGD.1_1",8526300.30507727,"low","YLLs",-8551.57736364693,"PM25","Stroke",FALSE,"25+","Barisal","BGD","0.6.1","gbd2021","GBD only",2020,"0.6.1"
"scenario","BGD.1_1",8526300.30507727,"low","YLDs",-448.228195054606,"PM25","Stroke",FALSE,"25+","Barisal","BGD","0.6.1","gbd2021","GBD only",2020,"0.6.1"
"scenario","BGD.1_1",8526300.30507727,"low","Deaths",-371.393929986591,"PM25","Stroke",FALSE,"25+","Barisal","BGD","0.6.1","gbd2021","GBD only",2020,"0.6.1"
"scenario","BGD.1_1",8526300.30507727,"low","exac",-6021.31284351837,"PM25","Asthma",FALSE,"0-18","Barisal","BGD","0.6.1","gbd2021","GBD only",2020,"0.6.1"
"scenario","BGD.1_1",8526300.30507727,"low","exac",-8841.7502124411,"PM25","Asthma",FALSE,"25+","Barisal","BGD","0.6.1","gbd2021","GBD only",2020,"0.6.1"
"scenario","BGD.1_1",8526300.30507727,"low","PTB",-13607.1954083313,"PM25","PTB",FALSE,"Newborn","Barisal","BGD","0.6.1","gbd2021","GBD only",2020,"0.6.1"
"scenario","BGD.1_1",8526300.30507727,"low","LBW",-7151.06007462686,"PM25","LBW",FALSE,"Newborn","Barisal","BGD","0.6.1","gbd2021","GBD only",2020,"0.6.1"
"scenario","BGD.1_1",8526300.30507727,"low","Absences",-8292075.96628697,"PM25","Absences",FALSE,"25+","Barisal","BGD","0.6.1","gbd2021","GBD only",2020,"0.6.1"
"scenario","BGD.1_1",8526300.30507727,"high","YLLs",-36645.1062744267,"PM25","LRI.child",FALSE,"0-4","Barisal","BGD","0.6.1","gbd2021","GBD only",2020,"0.6.1"
"scenario","BGD.1_1",8526300.30507727,"high","Deaths.child",-410.089555113193,"PM25","LRI.child",FALSE,"0-4","Barisal","BGD","0.6.1","gbd2021","GBD only",2020,"0.6.1"
"scenario","BGD.1_1",8526300.30507727,"high","YLLs",-36119.6978262685,"PM25","COPD",FALSE,"25+","Barisal","BGD","0.6.1","gbd2021","GBD only",2020,"0.6.1"
"scenario","BGD.1_1",8526300.30507727,"high","YLDs",-8393.58453064168,"PM25","COPD",FALSE,"25+","Barisal","BGD","0.6.1","gbd2021","GBD only",2020,"0.6.1"
"scenario","BGD.1_1",8526300.30507727,"high","Deaths",-1871.08675212194,"PM25","COPD",FALSE,"25+","Barisal","BGD","0.6.1","gbd2021","GBD only",2020,"0.6.1"
"scenario","BGD.1_1",8526300.30507727,"high","YLDs",-17895.3960431249,"PM25","Diabetes",FALSE,"25+","Barisal","BGD","0.6.1","gbd2021","GBD only",2020,"0.6.1"
"scenario","BGD.1_1",8526300.30507727,"high","Deaths",-777.879823205358,"PM25","Diabetes",FALSE,"25+","Barisal","BGD","0.6.1","gbd2021","GBD only",2020,"0.6.1"
"scenario","BGD.1_1",8526300.30507727,"high","YLLs",-59045.30878375,"PM25","IHD",FALSE,"25+","Barisal","BGD","0.6.1","gbd2021","GBD only",2020,"0.6.1"
"scenario","BGD.1_1",8526300.30507727,"high","Deaths",-2162.60777249016,"PM25","IHD",FALSE,"25+","Barisal","BGD","0.6.1","gbd2021","GBD only",2020,"0.6.1"
"scenario","BGD.1_1",8526300.30507727,"high","YLLs",-4520.25093353768,"PM25","LC",FALSE,"25+","Barisal","BGD","0.6.1","gbd2021","GBD only",2020,"0.6.1"
"scenario","BGD.1_1",8526300.30507727,"high","Deaths",-166.786574999659,"PM25","LC",FALSE,"25+","Barisal","BGD","0.6.1","gbd2021","GBD only",2020,"0.6.1"
"scenario","BGD.1_1",8526300.30507727,"high","YLLs",-12486.8668507979,"PM25","LRI",FALSE,"25+","Barisal","BGD","0.6.1","gbd2021","GBD only",2020,"0.6.1"
"scenario","BGD.1_1",8526300.30507727,"high","Deaths",-616.76383249763,"PM25","LRI",FALSE,"25+","Barisal","BGD","0.6.1","gbd2021","GBD only",2020,"0.6.1"
"scenario","BGD.1_1",8526300.30507727,"high","YLLs",-50054.0386642832,"PM25","Stroke",FALSE,"25+","Barisal","BGD","0.6.1","gbd2021","GBD only",2020,"0.6.1"
"scenario","BGD.1_1",8526300.30507727,"high","YLDs",-3057.16826019887,"PM25","Stroke",FALSE,"25+","Barisal","BGD","0.6.1","gbd2021","GBD only",2020,"0.6.1"
"scenario","BGD.1_1",8526300.30507727,"high","Deaths",-2076.28165797407,"PM25","Stroke",FALSE,"25+","Barisal","BGD","0.6.1","gbd2021","GBD only",2020,"0.6.1"
"scenario","BGD.1_1",8526300.30507727,"high","exac",-18067.9740087057,"PM25","Asthma",FALSE,"0-18","Barisal","BGD","0.6.1","gbd2021","GBD only",2020,"0.6.1"
"scenario","BGD.1_1",8526300.30507727,"high","exac",-18928.4181992362,"PM25","Asthma",FALSE,"25+","Barisal","BGD","0.6.1","gbd2021","GBD only",2020,"0.6.1"
"scenario","BGD.1_1",8526300.30507727,"high","PTB",-37407.4516380667,"PM25","PTB",FALSE,"Newborn","Barisal","BGD","0.6.1","gbd2021","GBD only",2020,"0.6.1"
"scenario","BGD.1_1",8526300.30507727,"high","LBW",-60643.6651252239,"PM25","LBW",FALSE,"Newborn","Barisal","BGD","0.6.1","gbd2021","GBD only",2020,"0.6.1"
"scenario","BGD.1_1",8526300.30507727,"high","Absences",-11672603.3205079,"PM25","Absences",FALSE,"25+","Barisal","BGD","0.6.1","gbd2021","GBD only",2020,"0.6.1"
"scenario","BGD.2_1",28499103.7888021,"central","YLLs",-81008.0861122622,"PM25","LRI.child",FALSE,"0-4","Chittagong","BGD","0.6.1","gbd2021","GBD only",2020,"0.6.1"
"scenario","BGD.2_1",28499103.7888021,"central","Deaths.child",-906.602694786175,"PM25","LRI.child",FALSE,"0-4","Chittagong","BGD","0.6.1","gbd2021","GBD only",2020,"0.6.1"
"scenario","BGD.2_1",28499103.7888021,"central","YLLs",-73356.1639423897,"PM25","COPD",FALSE,"25+","Chittagong","BGD","0.6.1","gbd2021","GBD only",2020,"0.6.1"
"scenario","BGD.2_1",28499103.7888021,"central","YLDs",-18367.209154117,"PM25","COPD",FALSE,"25+","Chittagong","BGD","0.6.1","gbd2021","GBD only",2020,"0.6.1"
"scenario","BGD.2_1",28499103.7888021,"central","Deaths",-3829.51083591181,"PM25","COPD",FALSE,"25+","Chittagong","BGD","0.6.1","gbd2021","GBD only",2020,"0.6.1"
"scenario","BGD.2_1",28499103.7888021,"central","YLDs",-37449.1950490779,"PM25","Diabetes",FALSE,"25+","Chittagong","BGD","0.6.1","gbd2021","GBD only",2020,"0.6.1"
"scenario","BGD.2_1",28499103.7888021,"central","Deaths",-1907.00942085543,"PM25","Diabetes",FALSE,"25+","Chittagong","BGD","0.6.1","gbd2021","GBD only",2020,"0.6.1"
"scenario","BGD.2_1",28499103.7888021,"central","YLLs",-119583.340668555,"PM25","IHD",FALSE,"25+","Chittagong","BGD","0.6.1","gbd2021","GBD only",2020,"0.6.1"
"scenario","BGD.2_1",28499103.7888021,"central","Deaths",-4423.02472047033,"PM25","IHD",FALSE,"25+","Chittagong","BGD","0.6.1","gbd2021","GBD only",2020,"0.6.1"
"scenario","BGD.2_1",28499103.7888021,"central","YLLs",-8465.2782572388,"PM25","LC",FALSE,"25+","Chittagong","BGD","0.6.1","gbd2021","GBD only",2020,"0.6.1"
"scenario","BGD.2_1",28499103.7888021,"central","Deaths",-320.571503680809,"PM25","LC",FALSE,"25+","Chittagong","BGD","0.6.1","gbd2021","GBD only",2020,"0.6.1"
"scenario","BGD.2_1",28499103.7888021,"central","YLLs",-27562.5807196811,"PM25","LRI",FALSE,"25+","Chittagong","BGD","0.6.1","gbd2021","GBD only",2020,"0.6.1"
"scenario","BGD.2_1",28499103.7888021,"central","Deaths",-1366.52508916775,"PM25","LRI",FALSE,"25+","Chittagong","BGD","0.6.1","gbd2021","GBD only",2020,"0.6.1"
"scenario","BGD.2_1",28499103.7888021,"central","YLLs",-87914.3705992709,"PM25","Stroke",FALSE,"25+","Chittagong","BGD","0.6.1","gbd2021","GBD only",2020,"0.6.1"
"scenario","BGD.2_1",28499103.7888021,"central","YLDs",-5213.41790270522,"PM25","Stroke",FALSE,"25+","Chittagong","BGD","0.6.1","gbd2021","GBD only",2020,"0.6.1"
"scenario","BGD.2_1",28499103.7888021,"central","Deaths",-3661.05689522191,"PM25","Stroke",FALSE,"25+","Chittagong","BGD","0.6.1","gbd2021","GBD only",2020,"0.6.1"
"scenario","BGD.2_1",28499103.7888021,"central","exac",-39740.725761056,"PM25","Asthma",FALSE,"0-18","Chittagong","BGD","0.6.1","gbd2021","GBD only",2020,"0.6.1"
"scenario","BGD.2_1",28499103.7888021,"central","exac",-46120.8183184478,"PM25","Asthma",FALSE,"25+","Chittagong","BGD","0.6.1","gbd2021","GBD only",2020,"0.6.1"
"scenario","BGD.2_1",28499103.7888021,"central","PTB",-114848.737714594,"PM25","PTB",FALSE,"Newborn","Chittagong","BGD","0.6.1","gbd2021","GBD only",2020,"0.6.1"
"scenario","BGD.2_1",28499103.7888021,"central","LBW",-93647.4273638613,"PM25","LBW",FALSE,"Newborn","Chittagong","BGD","0.6.1","gbd2021","GBD only",2020,"0.6.1"
"scenario","BGD.2_1",28499103.7888021,"central","Absences",-33271394.0908366,"PM25","Absences",FALSE,"25+","Chittagong","BGD","0.6.1","gbd2021","GBD only",2020,"0.6.1"
"scenario","BGD.2_1",28499103.7888021,"low","YLLs",-49724.9172282627,"PM25","LRI.child",FALSE,"0-4","Chittagong","BGD","0.6.1","gbd2021","GBD only",2020,"0.6.1"
"scenario","BGD.2_1",28499103.7888021,"low","Deaths.child",-556.65046842389,"PM25","LRI.child",FALSE,"0-4","Chittagong","BGD","0.6.1","gbd2021","GBD only",2020,"0.6.1"
"scenario","BGD.2_1",28499103.7888021,"low","YLLs",-37059.2864590648,"PM25","COPD",FALSE,"25+","Chittagong","BGD","0.6.1","gbd2021","GBD only",2020,"0.6.1"
"scenario","BGD.2_1",28499103.7888021,"low","YLDs",-9418.46965248633,"PM25","COPD",FALSE,"25+","Chittagong","BGD","0.6.1","gbd2021","GBD only",2020,"0.6.1"
"scenario","BGD.2_1",28499103.7888021,"low","Deaths",-1980.86657582471,"PM25","COPD",FALSE,"25+","Chittagong","BGD","0.6.1","gbd2021","GBD only",2020,"0.6.1"
"scenario","BGD.2_1",28499103.7888021,"low","YLDs",-16565.8945435268,"PM25","Diabetes",FALSE,"25+","Chittagong","BGD","0.6.1","gbd2021","GBD only",2020,"0.6.1"
"scenario","BGD.2_1",28499103.7888021,"low","Deaths",-1022.24251570838,"PM25","Diabetes",FALSE,"25+","Chittagong","BGD","0.6.1","gbd2021","GBD only",2020,"0.6.1"
"scenario","BGD.2_1",28499103.7888021,"low","YLLs",-63160.5345757563,"PM25","IHD",FALSE,"25+","Chittagong","BGD","0.6.1","gbd2021","GBD only",2020,"0.6.1"
"scenario","BGD.2_1",28499103.7888021,"low","Deaths",-2373.38883731434,"PM25","IHD",FALSE,"25+","Chittagong","BGD","0.6.1","gbd2021","GBD only",2020,"0.6.1"
"scenario","BGD.2_1",28499103.7888021,"low","YLLs",-4672.09071425203,"PM25","LC",FALSE,"25+","Chittagong","BGD","0.6.1","gbd2021","GBD only",2020,"0.6.1"
"scenario","BGD.2_1",28499103.7888021,"low","Deaths",-177.344528956041,"PM25","LC",FALSE,"25+","Chittagong","BGD","0.6.1","gbd2021","GBD only",2020,"0.6.1"
"scenario","BGD.2_1",28499103.7888021,"low","YLLs",-17115.5285435568,"PM25","LRI",FALSE,"25+","Chittagong","BGD","0.6.1","gbd2021","GBD only",2020,"0.6.1"
"scenario","BGD.2_1",28499103.7888021,"low","Deaths",-858.486762092814,"PM25","LRI",FALSE,"25+","Chittagong","BGD","0.6.1","gbd2021","GBD only",2020,"0.6.1"
"scenario","BGD.2_1",28499103.7888021,"low","YLLs",-28583.5921940749,"PM25","Stroke",FALSE,"25+","Chittagong","BGD","0.6.1","gbd2021","GBD only",2020,"0.6.1"
"scenario","BGD.2_1",28499103.7888021,"low","YLDs",-1498.19985161935,"PM25","Stroke",FALSE,"25+","Chittagong","BGD","0.6.1","gbd2021","GBD only",2020,"0.6.1"
"scenario","BGD.2_1",28499103.7888021,"low","Deaths",-1241.38181608688,"PM25","Stroke",FALSE,"25+","Chittagong","BGD","0.6.1","gbd2021","GBD only",2020,"0.6.1"
"scenario","BGD.2_1",28499103.7888021,"low","exac",-20126.1993516802,"PM25","Asthma",FALSE,"0-18","Chittagong","BGD","0.6.1","gbd2021","GBD only",2020,"0.6.1"
"scenario","BGD.2_1",28499103.7888021,"low","exac",-29553.4930700214,"PM25","Asthma",FALSE,"25+","Chittagong","BGD","0.6.1","gbd2021","GBD only",2020,"0.6.1"
"scenario","BGD.2_1",28499103.7888021,"low","PTB",-45481.9629078307,"PM25","PTB",FALSE,"Newborn","Chittagong","BGD","0.6.1","gbd2021","GBD only",2020,"0.6.1"
"scenario","BGD.2_1",28499103.7888021,"low","LBW",-23902.3721866083,"PM25","LBW",FALSE,"Newborn","Chittagong","BGD","0.6.1","gbd2021","GBD only",2020,"0.6.1"
"scenario","BGD.2_1",28499103.7888021,"low","Absences",-27716210.4467655,"PM25","Absences",FALSE,"25+","Chittagong","BGD","0.6.1","gbd2021","GBD only",2020,"0.6.1"
"scenario","BGD.2_1",28499103.7888021,"high","YLLs",-122486.031420297,"PM25","LRI.child",FALSE,"0-4","Chittagong","BGD","0.6.1","gbd2021","GBD only",2020,"0.6.1"
"scenario","BGD.2_1",28499103.7888021,"high","Deaths.child",-1370.72169354804,"PM25","LRI.child",FALSE,"0-4","Chittagong","BGD","0.6.1","gbd2021","GBD only",2020,"0.6.1"
"scenario","BGD.2_1",28499103.7888021,"high","YLLs",-120729.857070366,"PM25","COPD",FALSE,"25+","Chittagong","BGD","0.6.1","gbd2021","GBD only",2020,"0.6.1"
"scenario","BGD.2_1",28499103.7888021,"high","YLDs",-28055.5021685544,"PM25","COPD",FALSE,"25+","Chittagong","BGD","0.6.1","gbd2021","GBD only",2020,"0.6.1"
"scenario","BGD.2_1",28499103.7888021,"high","Deaths",-6254.0954034685,"PM25","COPD",FALSE,"25+","Chittagong","BGD","0.6.1","gbd2021","GBD only",2020,"0.6.1"
"scenario","BGD.2_1",28499103.7888021,"high","YLDs",-59815.2458776327,"PM25","Diabetes",FALSE,"25+","Chittagong","BGD","0.6.1","gbd2021","GBD only",2020,"0.6.1"
"scenario","BGD.2_1",28499103.7888021,"high","Deaths",-2600.05829299059,"PM25","Diabetes",FALSE,"25+","Chittagong","BGD","0.6.1","gbd2021","GBD only",2020,"0.6.1"
"scenario","BGD.2_1",28499103.7888021,"high","YLLs",-197358.563862442,"PM25","IHD",FALSE,"25+","Chittagong","BGD","0.6.1","gbd2021","GBD only",2020,"0.6.1"
"scenario","BGD.2_1",28499103.7888021,"high","Deaths",-7228.50253420765,"PM25","IHD",FALSE,"25+","Chittagong","BGD","0.6.1","gbd2021","GBD only",2020,"0.6.1"
"scenario","BGD.2_1",28499103.7888021,"high","YLLs",-15108.9095970039,"PM25","LC",FALSE,"25+","Chittagong","BGD","0.6.1","gbd2021","GBD only",2020,"0.6.1"
"scenario","BGD.2_1",28499103.7888021,"high","Deaths",-557.483051431299,"PM25","LC",FALSE,"25+","Chittagong","BGD","0.6.1","gbd2021","GBD only",2020,"0.6.1"
"scenario","BGD.2_1",28499103.7888021,"high","YLLs",-41737.2719285918,"PM25","LRI",FALSE,"25+","Chittagong","BGD","0.6.1","gbd2021","GBD only",2020,"0.6.1"
"scenario","BGD.2_1",28499103.7888021,"high","Deaths",-2061.52913298896,"PM25","LRI",FALSE,"25+","Chittagong","BGD","0.6.1","gbd2021","GBD only",2020,"0.6.1"
"scenario","BGD.2_1",28499103.7888021,"high","YLLs",-167305.30146735,"PM25","Stroke",FALSE,"25+","Chittagong","BGD","0.6.1","gbd2021","GBD only",2020,"0.6.1"
"scenario","BGD.2_1",28499103.7888021,"high","YLDs",-10218.5651958983,"PM25","Stroke",FALSE,"25+","Chittagong","BGD","0.6.1","gbd2021","GBD only",2020,"0.6.1"
"scenario","BGD.2_1",28499103.7888021,"high","Deaths",-6939.9580531022,"PM25","Stroke",FALSE,"25+","Chittagong","BGD","0.6.1","gbd2021","GBD only",2020,"0.6.1"
"scenario","BGD.2_1",28499103.7888021,"high","exac",-60392.0866147367,"PM25","Asthma",FALSE,"0-18","Chittagong","BGD","0.6.1","gbd2021","GBD only",2020,"0.6.1"
"scenario","BGD.2_1",28499103.7888021,"high","exac",-63268.1157731042,"PM25","Asthma",FALSE,"25+","Chittagong","BGD","0.6.1","gbd2021","GBD only",2020,"0.6.1"
"scenario","BGD.2_1",28499103.7888021,"high","PTB",-125034.165882363,"PM25","PTB",FALSE,"Newborn","Chittagong","BGD","0.6.1","gbd2021","GBD only",2020,"0.6.1"
"scenario","BGD.2_1",28499103.7888021,"high","LBW",-202701.059626992,"PM25","LBW",FALSE,"Newborn","Chittagong","BGD","0.6.1","gbd2021","GBD only",2020,"0.6.1"
"scenario","BGD.2_1",28499103.7888021,"high","Absences",-39015601.3292865,"PM25","Absences",FALSE,"25+","Chittagong","BGD","0.6.1","gbd2021","GBD only",2020,"0.6.1"
"scenario","BGD.3_1",47740507.9136481,"central","YLLs",-135701.361164606,"PM25","LRI.child",FALSE,"0-4","Dhaka","BGD","0.6.1","gbd2021","GBD only",2020,"0.6.1"
"scenario","BGD.3_1",47740507.9136481,"central","Deaths.child",-1518.70295451111,"PM25","LRI.child",FALSE,"0-4","Dhaka","BGD","0.6.1","gbd2021","GBD only",2020,"0.6.1"
"scenario","BGD.3_1",47740507.9136481,"central","YLLs",-122883.180859268,"PM25","COPD",FALSE,"25+","Dhaka","BGD","0.6.1","gbd2021","GBD only",2020,"0.6.1"
"scenario","BGD.3_1",47740507.9136481,"central","YLDs",-30767.9813537948,"PM25","COPD",FALSE,"25+","Dhaka","BGD","0.6.1","gbd2021","GBD only",2020,"0.6.1"
"scenario","BGD.3_1",47740507.9136481,"central","Deaths",-6415.03654718708,"PM25","COPD",FALSE,"25+","Dhaka","BGD","0.6.1","gbd2021","GBD only",2020,"0.6.1"
"scenario","BGD.3_1",47740507.9136481,"central","YLDs",-62733.3268389542,"PM25","Diabetes",FALSE,"25+","Dhaka","BGD","0.6.1","gbd2021","GBD only",2020,"0.6.1"
"scenario","BGD.3_1",47740507.9136481,"central","Deaths",-3194.54250289512,"PM25","Diabetes",FALSE,"25+","Dhaka","BGD","0.6.1","gbd2021","GBD only",2020,"0.6.1"
"scenario","BGD.3_1",47740507.9136481,"central","YLLs",-200321.015840881,"PM25","IHD",FALSE,"25+","Dhaka","BGD","0.6.1","gbd2021","GBD only",2020,"0.6.1"
"scenario","BGD.3_1",47740507.9136481,"central","Deaths",-7409.26620832329,"PM25","IHD",FALSE,"25+","Dhaka","BGD","0.6.1","gbd2021","GBD only",2020,"0.6.1"
"scenario","BGD.3_1",47740507.9136481,"central","YLLs",-14180.6804391416,"PM25","LC",FALSE,"25+","Dhaka","BGD","0.6.1","gbd2021","GBD only",2020,"0.6.1"
"scenario","BGD.3_1",47740507.9136481,"central","Deaths",-537.007988804781,"PM25","LC",FALSE,"25+","Dhaka","BGD","0.6.1","gbd2021","GBD only",2020,"0.6.1"
"scenario","BGD.3_1",47740507.9136481,"central","YLLs",-46171.6835981868,"PM25","LRI",FALSE,"25+","Dhaka","BGD","0.6.1","gbd2021","GBD only",2020,"0.6.1"
"scenario","BGD.3_1",47740507.9136481,"central","Deaths",-2289.14573304032,"PM25","LRI",FALSE,"25+","Dhaka","BGD","0.6.1","gbd2021","GBD only",2020,"0.6.1"
"scenario","BGD.3_1",47740507.9136481,"central","YLLs",-147270.480377945,"PM25","Stroke",FALSE,"25+","Dhaka","BGD","0.6.1","gbd2021","GBD only",2020,"0.6.1"
"scenario","BGD.3_1",47740507.9136481,"central","YLDs",-8733.29984289007,"PM25","Stroke",FALSE,"25+","Dhaka","BGD","0.6.1","gbd2021","GBD only",2020,"0.6.1"
"scenario","BGD.3_1",47740507.9136481,"central","Deaths",-6132.84954410835,"PM25","Stroke",FALSE,"25+","Dhaka","BGD","0.6.1","gbd2021","GBD only",2020,"0.6.1"
"scenario","BGD.3_1",47740507.9136481,"central","exac",-66572.003342618,"PM25","Asthma",FALSE,"0-18","Dhaka","BGD","0.6.1","gbd2021","GBD only",2020,"0.6.1"
"scenario","BGD.3_1",47740507.9136481,"central","exac",-77259.6678208828,"PM25","Asthma",FALSE,"25+","Dhaka","BGD","0.6.1","gbd2021","GBD only",2020,"0.6.1"
"scenario","BGD.3_1",47740507.9136481,"central","PTB",-192389.806794212,"PM25","PTB",FALSE,"Newborn","Dhaka","BGD","0.6.1","gbd2021","GBD only",2020,"0.6.1"
"scenario","BGD.3_1",47740507.9136481,"central","LBW",-156874.257530645,"PM25","LBW",FALSE,"Newborn","Dhaka","BGD","0.6.1","gbd2021","GBD only",2020,"0.6.1"
"scenario","BGD.3_1",47740507.9136481,"central","Absences",-55734849.2311457,"PM25","Absences",FALSE,"25+","Dhaka","BGD","0.6.1","gbd2021","GBD only",2020,"0.6.1"
"scenario","BGD.3_1",47740507.9136481,"low","YLLs",-83297.1037276645,"PM25","LRI.child",FALSE,"0-4","Dhaka","BGD","0.6.1","gbd2021","GBD only",2020,"0.6.1"
"scenario","BGD.3_1",47740507.9136481,"low","Deaths.child",-932.477606659614,"PM25","LRI.child",FALSE,"0-4","Dhaka","BGD","0.6.1","gbd2021","GBD only",2020,"0.6.1"
"scenario","BGD.3_1",47740507.9136481,"low","YLLs",-62080.1682601768,"PM25","COPD",FALSE,"25+","Dhaka","BGD","0.6.1","gbd2021","GBD only",2020,"0.6.1"
"scenario","BGD.3_1",47740507.9136481,"low","YLDs",-15777.4268380902,"PM25","COPD",FALSE,"25+","Dhaka","BGD","0.6.1","gbd2021","GBD only",2020,"0.6.1"
"scenario","BGD.3_1",47740507.9136481,"low","Deaths",-3318.26492299014,"PM25","COPD",FALSE,"25+","Dhaka","BGD","0.6.1","gbd2021","GBD only",2020,"0.6.1"
"scenario","BGD.3_1",47740507.9136481,"low","YLDs",-27750.4943809017,"PM25","Diabetes",FALSE,"25+","Dhaka","BGD","0.6.1","gbd2021","GBD only",2020,"0.6.1"
"scenario","BGD.3_1",47740507.9136481,"low","Deaths",-1712.4179508416,"PM25","Diabetes",FALSE,"25+","Dhaka","BGD","0.6.1","gbd2021","GBD only",2020,"0.6.1"
"scenario","BGD.3_1",47740507.9136481,"low","YLLs",-105803.88853943,"PM25","IHD",FALSE,"25+","Dhaka","BGD","0.6.1","gbd2021","GBD only",2020,"0.6.1"
"scenario","BGD.3_1",47740507.9136481,"low","Deaths",-3975.80181502008,"PM25","IHD",FALSE,"25+","Dhaka","BGD","0.6.1","gbd2021","GBD only",2020,"0.6.1"
"scenario","BGD.3_1",47740507.9136481,"low","YLLs",-7826.49115459781,"PM25","LC",FALSE,"25+","Dhaka","BGD","0.6.1","gbd2021","GBD only",2020,"0.6.1"
"scenario","BGD.3_1",47740507.9136481,"low","Deaths",-297.080145074405,"PM25","LC",FALSE,"25+","Dhaka","BGD","0.6.1","gbd2021","GBD only",2020,"0.6.1"
"scenario","BGD.3_1",47740507.9136481,"low","YLLs",-28671.2182928708,"PM25","LRI",FALSE,"25+","Dhaka","BGD","0.6.1","gbd2021","GBD only",2020,"0.6.1"
"scenario","BGD.3_1",47740507.9136481,"low","Deaths",-1438.10115444953,"PM25","LRI",FALSE,"25+","Dhaka","BGD","0.6.1","gbd2021","GBD only",2020,"0.6.1"
"scenario","BGD.3_1",47740507.9136481,"low","YLLs",-47882.0393600541,"PM25","Stroke",FALSE,"25+","Dhaka","BGD","0.6.1","gbd2021","GBD only",2020,"0.6.1"
"scenario","BGD.3_1",47740507.9136481,"low","YLDs",-2509.7217934467,"PM25","Stroke",FALSE,"25+","Dhaka","BGD","0.6.1","gbd2021","GBD only",2020,"0.6.1"
"scenario","BGD.3_1",47740507.9136481,"low","Deaths",-2079.51095072815,"PM25","Stroke",FALSE,"25+","Dhaka","BGD","0.6.1","gbd2021","GBD only",2020,"0.6.1"
"scenario","BGD.3_1",47740507.9136481,"low","exac",-33714.5682383897,"PM25","Asthma",FALSE,"0-18","Dhaka","BGD","0.6.1","gbd2021","GBD only",2020,"0.6.1"
"scenario","BGD.3_1",47740507.9136481,"low","exac",-49506.7767829115,"PM25","Asthma",FALSE,"25+","Dhaka","BGD","0.6.1","gbd2021","GBD only",2020,"0.6.1"
"scenario","BGD.3_1",47740507.9136481,"low","PTB",-76189.4839297588,"PM25","PTB",FALSE,"Newborn","Dhaka","BGD","0.6.1","gbd2021","GBD only",2020,"0.6.1"
"scenario","BGD.3_1",47740507.9136481,"low","LBW",-40040.2551949049,"PM25","LBW",FALSE,"Newborn","Dhaka","BGD","0.6.1","gbd2021","GBD only",2020,"0.6.1"
"scenario","BGD.3_1",47740507.9136481,"low","Absences",-46429037.6980215,"PM25","Absences",FALSE,"25+","Dhaka","BGD","0.6.1","gbd2021","GBD only",2020,"0.6.1"
"scenario","BGD.3_1",47740507.9136481,"high","YLLs",-205183.482107587,"PM25","LRI.child",FALSE,"0-4","Dhaka","BGD","0.6.1","gbd2021","GBD only",2020,"0.6.1"
"scenario","BGD.3_1",47740507.9136481,"high","Deaths.child",-2296.17570935514,"PM25","LRI.child",FALSE,"0-4","Dhaka","BGD","0.6.1","gbd2021","GBD only",2020,"0.6.1"
"scenario","BGD.3_1",47740507.9136481,"high","YLLs",-202241.612213294,"PM25","COPD",FALSE,"25+","Dhaka","BGD","0.6.1","gbd2021","GBD only",2020,"0.6.1"
"scenario","BGD.3_1",47740507.9136481,"high","YLDs",-46997.4050140305,"PM25","COPD",FALSE,"25+","Dhaka","BGD","0.6.1","gbd2021","GBD only",2020,"0.6.1"
"scenario","BGD.3_1",47740507.9136481,"high","Deaths",-10476.5993104425,"PM25","COPD",FALSE,"25+","Dhaka","BGD","0.6.1","gbd2021","GBD only",2020,"0.6.1"
"scenario","BGD.3_1",47740507.9136481,"high","YLDs",-100200.000685633,"PM25","Diabetes",FALSE,"25+","Dhaka","BGD","0.6.1","gbd2021","GBD only",2020,"0.6.1"
"scenario","BGD.3_1",47740507.9136481,"high","Deaths",-4355.50901643561,"PM25","Diabetes",FALSE,"25+","Dhaka","BGD","0.6.1","gbd2021","GBD only",2020,"0.6.1"
"scenario","BGD.3_1",47740507.9136481,"high","YLLs",-330606.820120534,"PM25","IHD",FALSE,"25+","Dhaka","BGD","0.6.1","gbd2021","GBD only",2020,"0.6.1"
"scenario","BGD.3_1",47740507.9136481,"high","Deaths",-12108.8854230481,"PM25","IHD",FALSE,"25+","Dhaka","BGD","0.6.1","gbd2021","GBD only",2020,"0.6.1"
"scenario","BGD.3_1",47740507.9136481,"high","YLLs",-25309.8140744257,"PM25","LC",FALSE,"25+","Dhaka","BGD","0.6.1","gbd2021","GBD only",2020,"0.6.1"
"scenario","BGD.3_1",47740507.9136481,"high","Deaths",-933.872314926527,"PM25","LC",FALSE,"25+","Dhaka","BGD","0.6.1","gbd2021","GBD only",2020,"0.6.1"
"scenario","BGD.3_1",47740507.9136481,"high","YLLs",-69916.534062517,"PM25","LRI",FALSE,"25+","Dhaka","BGD","0.6.1","gbd2021","GBD only",2020,"0.6.1"
"scenario","BGD.3_1",47740507.9136481,"high","Deaths",-3453.38746849804,"PM25","LRI",FALSE,"25+","Dhaka","BGD","0.6.1","gbd2021","GBD only",2020,"0.6.1"
"scenario","BGD.3_1",47740507.9136481,"high","YLLs",-280262.850645698,"PM25","Stroke",FALSE,"25+","Dhaka","BGD","0.6.1","gbd2021","GBD only",2020,"0.6.1"
"scenario","BGD.3_1",47740507.9136481,"high","YLDs",-17117.7134627154,"PM25","Stroke",FALSE,"25+","Dhaka","BGD","0.6.1","gbd2021","GBD only",2020,"0.6.1"
"scenario","BGD.3_1",47740507.9136481,"high","Deaths",-11625.527764304,"PM25","Stroke",FALSE,"25+","Dhaka","BGD","0.6.1","gbd2021","GBD only",2020,"0.6.1"
"scenario","BGD.3_1",47740507.9136481,"high","exac",-101166.300186791,"PM25","Asthma",FALSE,"0-18","Dhaka","BGD","0.6.1","gbd2021","GBD only",2020,"0.6.1"
"scenario","BGD.3_1",47740507.9136481,"high","exac",-105984.104066254,"PM25","Asthma",FALSE,"25+","Dhaka","BGD","0.6.1","gbd2021","GBD only",2020,"0.6.1"
"scenario","BGD.3_1",47740507.9136481,"high","PTB",-209452.010491941,"PM25","PTB",FALSE,"Newborn","Dhaka","BGD","0.6.1","gbd2021","GBD only",2020,"0.6.1"
"scenario","BGD.3_1",47740507.9136481,"high","LBW",-339556.345804436,"PM25","LBW",FALSE,"Newborn","Dhaka","BGD","0.6.1","gbd2021","GBD only",2020,"0.6.1"
"scenario","BGD.3_1",47740507.9136481,"high","Absences",-65357305.1917644,"PM25","Absences",FALSE,"25+","Dhaka","BGD","0.6.1","gbd2021","GBD only",2020,"0.6.1"
"scenario","BGD.4_1",17766378.5405646,"central","YLLs",-50500.5467323699,"PM25","LRI.child",FALSE,"0-4","Khulna","BGD","0.6.1","gbd2021","GBD only",2020,"0.6.1"
"scenario","BGD.4_1",17766378.5405646,"central","Deaths.child",-565.177304550729,"PM25","LRI.child",FALSE,"0-4","Khulna","BGD","0.6.1","gbd2021","GBD only",2020,"0.6.1"
"scenario","BGD.4_1",17766378.5405646,"central","YLLs",-45730.3284532142,"PM25","COPD",FALSE,"25+","Khulna","BGD","0.6.1","gbd2021","GBD only",2020,"0.6.1"
"scenario","BGD.4_1",17766378.5405646,"central","YLDs",-11450.1421863649,"PM25","COPD",FALSE,"25+","Khulna","BGD","0.6.1","gbd2021","GBD only",2020,"0.6.1"
"scenario","BGD.4_1",17766378.5405646,"central","Deaths",-2387.32205897414,"PM25","COPD",FALSE,"25+","Khulna","BGD","0.6.1","gbd2021","GBD only",2020,"0.6.1"
"scenario","BGD.4_1",17766378.5405646,"central","YLDs",-23345.8771269417,"PM25","Diabetes",FALSE,"25+","Khulna","BGD","0.6.1","gbd2021","GBD only",2020,"0.6.1"
"scenario","BGD.4_1",17766378.5405646,"central","Deaths",-1188.83216477326,"PM25","Diabetes",FALSE,"25+","Khulna","BGD","0.6.1","gbd2021","GBD only",2020,"0.6.1"
"scenario","BGD.4_1",17766378.5405646,"central","YLLs",-74548.4108274851,"PM25","IHD",FALSE,"25+","Khulna","BGD","0.6.1","gbd2021","GBD only",2020,"0.6.1"
"scenario","BGD.4_1",17766378.5405646,"central","Deaths",-2757.31939012849,"PM25","IHD",FALSE,"25+","Khulna","BGD","0.6.1","gbd2021","GBD only",2020,"0.6.1"
"scenario","BGD.4_1",17766378.5405646,"central","YLLs",-5277.26552679899,"PM25","LC",FALSE,"25+","Khulna","BGD","0.6.1","gbd2021","GBD only",2020,"0.6.1"
"scenario","BGD.4_1",17766378.5405646,"central","Deaths",-199.844694272419,"PM25","LC",FALSE,"25+","Khulna","BGD","0.6.1","gbd2021","GBD only",2020,"0.6.1"
"scenario","BGD.4_1",17766378.5405646,"central","YLLs",-17182.5488355573,"PM25","LRI",FALSE,"25+","Khulna","BGD","0.6.1","gbd2021","GBD only",2020,"0.6.1"
"scenario","BGD.4_1",17766378.5405646,"central","Deaths",-851.893526170172,"PM25","LRI",FALSE,"25+","Khulna","BGD","0.6.1","gbd2021","GBD only",2020,"0.6.1"
"scenario","BGD.4_1",17766378.5405646,"central","YLLs",-54805.9335057333,"PM25","Stroke",FALSE,"25+","Khulna","BGD","0.6.1","gbd2021","GBD only",2020,"0.6.1"
"scenario","BGD.4_1",17766378.5405646,"central","YLDs",-3250.05153270857,"PM25","Stroke",FALSE,"25+","Khulna","BGD","0.6.1","gbd2021","GBD only",2020,"0.6.1"
"scenario","BGD.4_1",17766378.5405646,"central","Deaths",-2282.30765223614,"PM25","Stroke",FALSE,"25+","Khulna","BGD","0.6.1","gbd2021","GBD only",2020,"0.6.1"
"scenario","BGD.4_1",17766378.5405646,"central","exac",-24774.4203670392,"PM25","Asthma",FALSE,"0-18","Khulna","BGD","0.6.1","gbd2021","GBD only",2020,"0.6.1"
"scenario","BGD.4_1",17766378.5405646,"central","exac",-28751.7784039257,"PM25","Asthma",FALSE,"25+","Khulna","BGD","0.6.1","gbd2021","GBD only",2020,"0.6.1"
"scenario","BGD.4_1",17766378.5405646,"central","PTB",-71596.8531594704,"PM25","PTB",FALSE,"Newborn","Khulna","BGD","0.6.1","gbd2021","GBD only",2020,"0.6.1"
"scenario","BGD.4_1",17766378.5405646,"central","LBW",-58379.9285839315,"PM25","LBW",FALSE,"Newborn","Khulna","BGD","0.6.1","gbd2021","GBD only",2020,"0.6.1"
"scenario","BGD.4_1",17766378.5405646,"central","Absences",-20741430.5506107,"PM25","Absences",FALSE,"25+","Khulna","BGD","0.6.1","gbd2021","GBD only",2020,"0.6.1"
"scenario","BGD.4_1",17766378.5405646,"low","YLLs",-30998.5783736344,"PM25","LRI.child",FALSE,"0-4","Khulna","BGD","0.6.1","gbd2021","GBD only",2020,"0.6.1"
"scenario","BGD.4_1",17766378.5405646,"low","Deaths.child",-347.016629368075,"PM25","LRI.child",FALSE,"0-4","Khulna","BGD","0.6.1","gbd2021","GBD only",2020,"0.6.1"
"scenario","BGD.4_1",17766378.5405646,"low","YLLs",-23102.8076024498,"PM25","COPD",FALSE,"25+","Khulna","BGD","0.6.1","gbd2021","GBD only",2020,"0.6.1"
"scenario","BGD.4_1",17766378.5405646,"low","YLDs",-5871.48628809286,"PM25","COPD",FALSE,"25+","Khulna","BGD","0.6.1","gbd2021","GBD only",2020,"0.6.1"
"scenario","BGD.4_1",17766378.5405646,"low","Deaths",-1234.87481168726,"PM25","COPD",FALSE,"25+","Khulna","BGD","0.6.1","gbd2021","GBD only",2020,"0.6.1"
"scenario","BGD.4_1",17766378.5405646,"low","YLDs",-10327.2003044183,"PM25","Diabetes",FALSE,"25+","Khulna","BGD","0.6.1","gbd2021","GBD only",2020,"0.6.1"
"scenario","BGD.4_1",17766378.5405646,"low","Deaths",-637.267320015509,"PM25","Diabetes",FALSE,"25+","Khulna","BGD","0.6.1","gbd2021","GBD only",2020,"0.6.1"
"scenario","BGD.4_1",17766378.5405646,"low","YLLs",-39374.3597838393,"PM25","IHD",FALSE,"25+","Khulna","BGD","0.6.1","gbd2021","GBD only",2020,"0.6.1"
"scenario","BGD.4_1",17766378.5405646,"low","Deaths",-1479.5737023928,"PM25","IHD",FALSE,"25+","Khulna","BGD","0.6.1","gbd2021","GBD only",2020,"0.6.1"
"scenario","BGD.4_1",17766378.5405646,"low","YLLs",-2912.58745609642,"PM25","LC",FALSE,"25+","Khulna","BGD","0.6.1","gbd2021","GBD only",2020,"0.6.1"
"scenario","BGD.4_1",17766378.5405646,"low","Deaths",-110.556811080109,"PM25","LC",FALSE,"25+","Khulna","BGD","0.6.1","gbd2021","GBD only",2020,"0.6.1"
"scenario","BGD.4_1",17766378.5405646,"low","YLLs",-10669.8428582212,"PM25","LRI",FALSE,"25+","Khulna","BGD","0.6.1","gbd2021","GBD only",2020,"0.6.1"
"scenario","BGD.4_1",17766378.5405646,"low","Deaths",-535.181769238542,"PM25","LRI",FALSE,"25+","Khulna","BGD","0.6.1","gbd2021","GBD only",2020,"0.6.1"
"scenario","BGD.4_1",17766378.5405646,"low","YLLs",-17819.0487228088,"PM25","Stroke",FALSE,"25+","Khulna","BGD","0.6.1","gbd2021","GBD only",2020,"0.6.1"
"scenario","BGD.4_1",17766378.5405646,"low","YLDs",-933.979745136577,"PM25","Stroke",FALSE,"25+","Khulna","BGD","0.6.1","gbd2021","GBD only",2020,"0.6.1"
"scenario","BGD.4_1",17766378.5405646,"low","Deaths",-773.8790462119,"PM25","Stroke",FALSE,"25+","Khulna","BGD","0.6.1","gbd2021","GBD only",2020,"0.6.1"
"scenario","BGD.4_1",17766378.5405646,"low","exac",-12546.6989739271,"PM25","Asthma",FALSE,"0-18","Khulna","BGD","0.6.1","gbd2021","GBD only",2020,"0.6.1"
"scenario","BGD.4_1",17766378.5405646,"low","exac",-18423.6861962038,"PM25","Asthma",FALSE,"25+","Khulna","BGD","0.6.1","gbd2021","GBD only",2020,"0.6.1"
"scenario","BGD.4_1",17766378.5405646,"low","PTB",-28353.5151061802,"PM25","PTB",FALSE,"Newborn","Khulna","BGD","0.6.1","gbd2021","GBD only",2020,"0.6.1"
"scenario","BGD.4_1",17766378.5405646,"low","LBW",-14900.7700533934,"PM25","LBW",FALSE,"Newborn","Khulna","BGD","0.6.1","gbd2021","GBD only",2020,"0.6.1"
"scenario","BGD.4_1",17766378.5405646,"low","Absences",-17278321.8081633,"PM25","Absences",FALSE,"25+","Khulna","BGD","0.6.1","gbd2021","GBD only",2020,"0.6.1"
"scenario","BGD.4_1",17766378.5405646,"high","YLLs",-76357.9520349511,"PM25","LRI.child",FALSE,"0-4","Khulna","BGD","0.6.1","gbd2021","GBD only",2020,"0.6.1"
"scenario","BGD.4_1",17766378.5405646,"high","Deaths.child",-854.509694824387,"PM25","LRI.child",FALSE,"0-4","Khulna","BGD","0.6.1","gbd2021","GBD only",2020,"0.6.1"
"scenario","BGD.4_1",17766378.5405646,"high","YLLs",-75263.1506504819,"PM25","COPD",FALSE,"25+","Khulna","BGD","0.6.1","gbd2021","GBD only",2020,"0.6.1"
"scenario","BGD.4_1",17766378.5405646,"high","YLDs",-17489.8367108655,"PM25","COPD",FALSE,"25+","Khulna","BGD","0.6.1","gbd2021","GBD only",2020,"0.6.1"
"scenario","BGD.4_1",17766378.5405646,"high","Deaths",-3898.81124649549,"PM25","COPD",FALSE,"25+","Khulna","BGD","0.6.1","gbd2021","GBD only",2020,"0.6.1"
"scenario","BGD.4_1",17766378.5405646,"high","YLDs",-37288.9024382759,"PM25","Diabetes",FALSE,"25+","Khulna","BGD","0.6.1","gbd2021","GBD only",2020,"0.6.1"
"scenario","BGD.4_1",17766378.5405646,"high","Deaths",-1620.87973724122,"PM25","Diabetes",FALSE,"25+","Khulna","BGD","0.6.1","gbd2021","GBD only",2020,"0.6.1"
"scenario","BGD.4_1",17766378.5405646,"high","YLLs",-123033.586592291,"PM25","IHD",FALSE,"25+","Khulna","BGD","0.6.1","gbd2021","GBD only",2020,"0.6.1"
"scenario","BGD.4_1",17766378.5405646,"high","Deaths",-4506.2579250166,"PM25","IHD",FALSE,"25+","Khulna","BGD","0.6.1","gbd2021","GBD only",2020,"0.6.1"
"scenario","BGD.4_1",17766378.5405646,"high","YLLs",-9418.91398497253,"PM25","LC",FALSE,"25+","Khulna","BGD","0.6.1","gbd2021","GBD only",2020,"0.6.1"
"scenario","BGD.4_1",17766378.5405646,"high","Deaths",-347.535662702798,"PM25","LC",FALSE,"25+","Khulna","BGD","0.6.1","gbd2021","GBD only",2020,"0.6.1"
"scenario","BGD.4_1",17766378.5405646,"high","YLLs",-26019.0698566875,"PM25","LRI",FALSE,"25+","Khulna","BGD","0.6.1","gbd2021","GBD only",2020,"0.6.1"
"scenario","BGD.4_1",17766378.5405646,"high","Deaths",-1285.15995522197,"PM25","LRI",FALSE,"25+","Khulna","BGD","0.6.1","gbd2021","GBD only",2020,"0.6.1"
"scenario","BGD.4_1",17766378.5405646,"high","YLLs",-104298.34354581,"PM25","Stroke",FALSE,"25+","Khulna","BGD","0.6.1","gbd2021","GBD only",2020,"0.6.1"
"scenario","BGD.4_1",17766378.5405646,"high","YLDs",-6370.26689530835,"PM25","Stroke",FALSE,"25+","Khulna","BGD","0.6.1","gbd2021","GBD only",2020,"0.6.1"
"scenario","BGD.4_1",17766378.5405646,"high","Deaths",-4326.37891846605,"PM25","Stroke",FALSE,"25+","Khulna","BGD","0.6.1","gbd2021","GBD only",2020,"0.6.1"
"scenario","BGD.4_1",17766378.5405646,"high","exac",-37648.5057075205,"PM25","Asthma",FALSE,"0-18","Khulna","BGD","0.6.1","gbd2021","GBD only",2020,"0.6.1"
"scenario","BGD.4_1",17766378.5405646,"high","exac",-39441.4260428377,"PM25","Asthma",FALSE,"25+","Khulna","BGD","0.6.1","gbd2021","GBD only",2020,"0.6.1"
"scenario","BGD.4_1",17766378.5405646,"high","PTB",-77946.4623881441,"PM25","PTB",FALSE,"Newborn","Khulna","BGD","0.6.1","gbd2021","GBD only",2020,"0.6.1"
"scenario","BGD.4_1",17766378.5405646,"high","LBW",-126364.10543273,"PM25","LBW",FALSE,"Newborn","Khulna","BGD","0.6.1","gbd2021","GBD only",2020,"0.6.1"
"scenario","BGD.4_1",17766378.5405646,"high","Absences",-24322376.8487833,"PM25","Absences",FALSE,"25+","Khulna","BGD","0.6.1","gbd2021","GBD only",2020,"0.6.1"
"scenario","BGD.5_1",21854435.5597405,"central","YLLs",-62120.7603887505,"PM25","LRI.child",FALSE,"0-4","Rajshahi","BGD","0.6.1","gbd2021","GBD only",2020,"0.6.1"
"scenario","BGD.5_1",21854435.5597405,"central","Deaths.child",-695.225025962964,"PM25","LRI.child",FALSE,"0-4","Rajshahi","BGD","0.6.1","gbd2021","GBD only",2020,"0.6.1"
"scenario","BGD.5_1",21854435.5597405,"central","YLLs",-56252.9113079901,"PM25","COPD",FALSE,"25+","Rajshahi","BGD","0.6.1","gbd2021","GBD only",2020,"0.6.1"
"scenario","BGD.5_1",21854435.5597405,"central","YLDs",-14084.8284860326,"PM25","COPD",FALSE,"25+","Rajshahi","BGD","0.6.1","gbd2021","GBD only",2020,"0.6.1"
"scenario","BGD.5_1",21854435.5597405,"central","Deaths",-2936.64665418867,"PM25","COPD",FALSE,"25+","Rajshahi","BGD","0.6.1","gbd2021","GBD only",2020,"0.6.1"
"scenario","BGD.5_1",21854435.5597405,"central","YLDs",-28717.7809530197,"PM25","Diabetes",FALSE,"25+","Rajshahi","BGD","0.6.1","gbd2021","GBD only",2020,"0.6.1"
"scenario","BGD.5_1",21854435.5597405,"central","Deaths",-1462.38333699031,"PM25","Diabetes",FALSE,"25+","Rajshahi","BGD","0.6.1","gbd2021","GBD only",2020,"0.6.1"
"scenario","BGD.5_1",21854435.5597405,"central","YLLs",-91702.0560375044,"PM25","IHD",FALSE,"25+","Rajshahi","BGD","0.6.1","gbd2021","GBD only",2020,"0.6.1"
"scenario","BGD.5_1",21854435.5597405,"central","Deaths",-3391.78064857734,"PM25","IHD",FALSE,"25+","Rajshahi","BGD","0.6.1","gbd2021","GBD only",2020,"0.6.1"
"scenario","BGD.5_1",21854435.5597405,"central","YLLs",-6491.56828015007,"PM25","LC",FALSE,"25+","Rajshahi","BGD","0.6.1","gbd2021","GBD only",2020,"0.6.1"
"scenario","BGD.5_1",21854435.5597405,"central","Deaths",-245.829108220376,"PM25","LC",FALSE,"25+","Rajshahi","BGD","0.6.1","gbd2021","GBD only",2020,"0.6.1"
"scenario","BGD.5_1",21854435.5597405,"central","YLLs",-21136.2662019949,"PM25","LRI",FALSE,"25+","Rajshahi","BGD","0.6.1","gbd2021","GBD only",2020,"0.6.1"
"scenario","BGD.5_1",21854435.5597405,"central","Deaths",-1047.91486508846,"PM25","LRI",FALSE,"25+","Rajshahi","BGD","0.6.1","gbd2021","GBD only",2020,"0.6.1"
"scenario","BGD.5_1",21854435.5597405,"central","YLLs",-67416.819885816,"PM25","Stroke",FALSE,"25+","Rajshahi","BGD","0.6.1","gbd2021","GBD only",2020,"0.6.1"
"scenario","BGD.5_1",21854435.5597405,"central","YLDs",-3997.89082649806,"PM25","Stroke",FALSE,"25+","Rajshahi","BGD","0.6.1","gbd2021","GBD only",2020,"0.6.1"
"scenario","BGD.5_1",21854435.5597405,"central","Deaths",-2807.46835374547,"PM25","Stroke",FALSE,"25+","Rajshahi","BGD","0.6.1","gbd2021","GBD only",2020,"0.6.1"
"scenario","BGD.5_1",21854435.5597405,"central","exac",-30475.0330634446,"PM25","Asthma",FALSE,"0-18","Rajshahi","BGD","0.6.1","gbd2021","GBD only",2020,"0.6.1"
"scenario","BGD.5_1",21854435.5597405,"central","exac",-35367.5841658929,"PM25","Asthma",FALSE,"25+","Rajshahi","BGD","0.6.1","gbd2021","GBD only",2020,"0.6.1"
"scenario","BGD.5_1",21854435.5597405,"central","PTB",-88071.3427377066,"PM25","PTB",FALSE,"Newborn","Rajshahi","BGD","0.6.1","gbd2021","GBD only",2020,"0.6.1"
"scenario","BGD.5_1",21854435.5597405,"central","LBW",-71813.1939104378,"PM25","LBW",FALSE,"Newborn","Rajshahi","BGD","0.6.1","gbd2021","GBD only",2020,"0.6.1"
"scenario","BGD.5_1",21854435.5597405,"central","Absences",-25514049.2672823,"PM25","Absences",FALSE,"25+","Rajshahi","BGD","0.6.1","gbd2021","GBD only",2020,"0.6.1"
"scenario","BGD.5_1",21854435.5597405,"low","YLLs",-38131.3744927468,"PM25","LRI.child",FALSE,"0-4","Rajshahi","BGD","0.6.1","gbd2021","GBD only",2020,"0.6.1"
"scenario","BGD.5_1",21854435.5597405,"low","Deaths.child",-426.865415895955,"PM25","LRI.child",FALSE,"0-4","Rajshahi","BGD","0.6.1","gbd2021","GBD only",2020,"0.6.1"
"scenario","BGD.5_1",21854435.5597405,"low","YLLs",-28418.7809487475,"PM25","COPD",FALSE,"25+","Rajshahi","BGD","0.6.1","gbd2021","GBD only",2020,"0.6.1"
"scenario","BGD.5_1",21854435.5597405,"low","YLDs",-7222.51968402279,"PM25","COPD",FALSE,"25+","Rajshahi","BGD","0.6.1","gbd2021","GBD only",2020,"0.6.1"
"scenario","BGD.5_1",21854435.5597405,"low","Deaths",-1519.02043147105,"PM25","COPD",FALSE,"25+","Rajshahi","BGD","0.6.1","gbd2021","GBD only",2020,"0.6.1"
"scenario","BGD.5_1",21854435.5597405,"low","YLDs",-12703.496835336,"PM25","Diabetes",FALSE,"25+","Rajshahi","BGD","0.6.1","gbd2021","GBD only",2020,"0.6.1"
"scenario","BGD.5_1",21854435.5597405,"low","Deaths",-783.903008022086,"PM25","Diabetes",FALSE,"25+","Rajshahi","BGD","0.6.1","gbd2021","GBD only",2020,"0.6.1"
"scenario","BGD.5_1",21854435.5597405,"low","YLLs",-48434.4294836025,"PM25","IHD",FALSE,"25+","Rajshahi","BGD","0.6.1","gbd2021","GBD only",2020,"0.6.1"
"scenario","BGD.5_1",21854435.5597405,"low","Deaths",-1820.0247203448,"PM25","IHD",FALSE,"25+","Rajshahi","BGD","0.6.1","gbd2021","GBD only",2020,"0.6.1"
"scenario","BGD.5_1",21854435.5597405,"low","YLLs",-3582.77601290744,"PM25","LC",FALSE,"25+","Rajshahi","BGD","0.6.1","gbd2021","GBD only",2020,"0.6.1"
"scenario","BGD.5_1",21854435.5597405,"low","Deaths",-135.996016178764,"PM25","LC",FALSE,"25+","Rajshahi","BGD","0.6.1","gbd2021","GBD only",2020,"0.6.1"
"scenario","BGD.5_1",21854435.5597405,"low","YLLs",-13124.9816976008,"PM25","LRI",FALSE,"25+","Rajshahi","BGD","0.6.1","gbd2021","GBD only",2020,"0.6.1"
"scenario","BGD.5_1",21854435.5597405,"low","Deaths",-658.327495491951,"PM25","LRI",FALSE,"25+","Rajshahi","BGD","0.6.1","gbd2021","GBD only",2020,"0.6.1"
"scenario","BGD.5_1",21854435.5597405,"low","YLLs",-21919.2251903987,"PM25","Stroke",FALSE,"25+","Rajshahi","BGD","0.6.1","gbd2021","GBD only",2020,"0.6.1"
"scenario","BGD.5_1",21854435.5597405,"low","YLDs",-1148.88918456769,"PM25","Stroke",FALSE,"25+","Rajshahi","BGD","0.6.1","gbd2021","GBD only",2020,"0.6.1"
"scenario","BGD.5_1",21854435.5597405,"low","Deaths",-951.949194815142,"PM25","Stroke",FALSE,"25+","Rajshahi","BGD","0.6.1","gbd2021","GBD only",2020,"0.6.1"
"scenario","BGD.5_1",21854435.5597405,"low","exac",-15433.7038123491,"PM25","Asthma",FALSE,"0-18","Rajshahi","BGD","0.6.1","gbd2021","GBD only",2020,"0.6.1"
"scenario","BGD.5_1",21854435.5597405,"low","exac",-22662.9901996347,"PM25","Asthma",FALSE,"25+","Rajshahi","BGD","0.6.1","gbd2021","GBD only",2020,"0.6.1"
"scenario","BGD.5_1",21854435.5597405,"low","PTB",-34877.6801848144,"PM25","PTB",FALSE,"Newborn","Rajshahi","BGD","0.6.1","gbd2021","GBD only",2020,"0.6.1"
"scenario","BGD.5_1",21854435.5597405,"low","LBW",-18329.4484117219,"PM25","LBW",FALSE,"Newborn","Rajshahi","BGD","0.6.1","gbd2021","GBD only",2020,"0.6.1"
"scenario","BGD.5_1",21854435.5597405,"low","Absences",-21254076.6073851,"PM25","Absences",FALSE,"25+","Rajshahi","BGD","0.6.1","gbd2021","GBD only",2020,"0.6.1"
"scenario","BGD.5_1",21854435.5597405,"high","YLLs",-93927.9740331697,"PM25","LRI.child",FALSE,"0-4","Rajshahi","BGD","0.6.1","gbd2021","GBD only",2020,"0.6.1"
"scenario","BGD.5_1",21854435.5597405,"high","Deaths.child",-1051.13301611099,"PM25","LRI.child",FALSE,"0-4","Rajshahi","BGD","0.6.1","gbd2021","GBD only",2020,"0.6.1"
"scenario","BGD.5_1",21854435.5597405,"high","YLLs",-92581.2580295133,"PM25","COPD",FALSE,"25+","Rajshahi","BGD","0.6.1","gbd2021","GBD only",2020,"0.6.1"
"scenario","BGD.5_1",21854435.5597405,"high","YLDs",-21514.2612477428,"PM25","COPD",FALSE,"25+","Rajshahi","BGD","0.6.1","gbd2021","GBD only",2020,"0.6.1"
"scenario","BGD.5_1",21854435.5597405,"high","Deaths",-4795.93063671267,"PM25","COPD",FALSE,"25+","Rajshahi","BGD","0.6.1","gbd2021","GBD only",2020,"0.6.1"
"scenario","BGD.5_1",21854435.5597405,"high","YLDs",-45869.1068396464,"PM25","Diabetes",FALSE,"25+","Rajshahi","BGD","0.6.1","gbd2021","GBD only",2020,"0.6.1"
"scenario","BGD.5_1",21854435.5597405,"high","Deaths",-1993.84537972937,"PM25","Diabetes",FALSE,"25+","Rajshahi","BGD","0.6.1","gbd2021","GBD only",2020,"0.6.1"
"scenario","BGD.5_1",21854435.5597405,"high","YLLs",-151343.707088408,"PM25","IHD",FALSE,"25+","Rajshahi","BGD","0.6.1","gbd2021","GBD only",2020,"0.6.1"
"scenario","BGD.5_1",21854435.5597405,"high","Deaths",-5543.15125128015,"PM25","IHD",FALSE,"25+","Rajshahi","BGD","0.6.1","gbd2021","GBD only",2020,"0.6.1"
"scenario","BGD.5_1",21854435.5597405,"high","YLLs",-11586.2131529695,"PM25","LC",FALSE,"25+","Rajshahi","BGD","0.6.1","gbd2021","GBD only",2020,"0.6.1"
"scenario","BGD.5_1",21854435.5597405,"high","Deaths",-427.503879190044,"PM25","LC",FALSE,"25+","Rajshahi","BGD","0.6.1","gbd2021","GBD only",2020,"0.6.1"
"scenario","BGD.5_1",21854435.5597405,"high","YLLs",-32006.0773336027,"PM25","LRI",FALSE,"25+","Rajshahi","BGD","0.6.1","gbd2021","GBD only",2020,"0.6.1"
"scenario","BGD.5_1",21854435.5597405,"high","Deaths",-1580.87622422489,"PM25","LRI",FALSE,"25+","Rajshahi","BGD","0.6.1","gbd2021","GBD only",2020,"0.6.1"
"scenario","BGD.5_1",21854435.5597405,"high","YLLs",-128297.470573717,"PM25","Stroke",FALSE,"25+","Rajshahi","BGD","0.6.1","gbd2021","GBD only",2020,"0.6.1"
"scenario","BGD.5_1",21854435.5597405,"high","YLDs",-7836.07008282521,"PM25","Stroke",FALSE,"25+","Rajshahi","BGD","0.6.1","gbd2021","GBD only",2020,"0.6.1"
"scenario","BGD.5_1",21854435.5597405,"high","Deaths",-5321.88195049192,"PM25","Stroke",FALSE,"25+","Rajshahi","BGD","0.6.1","gbd2021","GBD only",2020,"0.6.1"
"scenario","BGD.5_1",21854435.5597405,"high","exac",-46311.4550906884,"PM25","Asthma",FALSE,"0-18","Rajshahi","BGD","0.6.1","gbd2021","GBD only",2020,"0.6.1"
"scenario","BGD.5_1",21854435.5597405,"high","exac",-48516.9277390658,"PM25","Asthma",FALSE,"25+","Rajshahi","BGD","0.6.1","gbd2021","GBD only",2020,"0.6.1"
"scenario","BGD.5_1",21854435.5597405,"high","PTB",-95882.0018093207,"PM25","PTB",FALSE,"Newborn","Rajshahi","BGD","0.6.1","gbd2021","GBD only",2020,"0.6.1"
"scenario","BGD.5_1",21854435.5597405,"high","LBW",-155440.580810464,"PM25","LBW",FALSE,"Newborn","Rajshahi","BGD","0.6.1","gbd2021","GBD only",2020,"0.6.1"
"scenario","BGD.5_1",21854435.5597405,"high","Absences",-29918973.9928037,"PM25","Absences",FALSE,"25+","Rajshahi","BGD","0.6.1","gbd2021","GBD only",2020,"0.6.1"
"scenario","BGD.6_1",18307098.9775389,"central","YLLs",-52037.5328792236,"PM25","LRI.child",FALSE,"0-4","Rangpur","BGD","0.6.1","gbd2021","GBD only",2020,"0.6.1"
"scenario","BGD.6_1",18307098.9775389,"central","Deaths.child",-582.378498276693,"PM25","LRI.child",FALSE,"0-4","Rangpur","BGD","0.6.1","gbd2021","GBD only",2020,"0.6.1"
"scenario","BGD.6_1",18307098.9775389,"central","YLLs",-47122.1328171576,"PM25","COPD",FALSE,"25+","Rangpur","BGD","0.6.1","gbd2021","GBD only",2020,"0.6.1"
"scenario","BGD.6_1",18307098.9775389,"central","YLDs",-11798.6277188722,"PM25","COPD",FALSE,"25+","Rangpur","BGD","0.6.1","gbd2021","GBD only",2020,"0.6.1"
"scenario","BGD.6_1",18307098.9775389,"central","Deaths",-2459.98030071884,"PM25","COPD",FALSE,"25+","Rangpur","BGD","0.6.1","gbd2021","GBD only",2020,"0.6.1"
"scenario","BGD.6_1",18307098.9775389,"central","YLDs",-24056.40982514,"PM25","Diabetes",FALSE,"25+","Rangpur","BGD","0.6.1","gbd2021","GBD only",2020,"0.6.1"
"scenario","BGD.6_1",18307098.9775389,"central","Deaths",-1225.01431895612,"PM25","Diabetes",FALSE,"25+","Rangpur","BGD","0.6.1","gbd2021","GBD only",2020,"0.6.1"
"scenario","BGD.6_1",18307098.9775389,"central","YLLs",-76817.2946738119,"PM25","IHD",FALSE,"25+","Rangpur","BGD","0.6.1","gbd2021","GBD only",2020,"0.6.1"
"scenario","BGD.6_1",18307098.9775389,"central","Deaths",-2841.23851535174,"PM25","IHD",FALSE,"25+","Rangpur","BGD","0.6.1","gbd2021","GBD only",2020,"0.6.1"
"scenario","BGD.6_1",18307098.9775389,"central","YLLs",-5437.87931284251,"PM25","LC",FALSE,"25+","Rangpur","BGD","0.6.1","gbd2021","GBD only",2020,"0.6.1"
"scenario","BGD.6_1",18307098.9775389,"central","Deaths",-205.926975485067,"PM25","LC",FALSE,"25+","Rangpur","BGD","0.6.1","gbd2021","GBD only",2020,"0.6.1"
"scenario","BGD.6_1",18307098.9775389,"central","YLLs",-17705.5003922571,"PM25","LRI",FALSE,"25+","Rangpur","BGD","0.6.1","gbd2021","GBD only",2020,"0.6.1"
"scenario","BGD.6_1",18307098.9775389,"central","Deaths",-877.820939496147,"PM25","LRI",FALSE,"25+","Rangpur","BGD","0.6.1","gbd2021","GBD only",2020,"0.6.1"
"scenario","BGD.6_1",18307098.9775389,"central","YLLs",-56473.9542701434,"PM25","Stroke",FALSE,"25+","Rangpur","BGD","0.6.1","gbd2021","GBD only",2020,"0.6.1"
"scenario","BGD.6_1",18307098.9775389,"central","YLDs",-3348.96698027396,"PM25","Stroke",FALSE,"25+","Rangpur","BGD","0.6.1","gbd2021","GBD only",2020,"0.6.1"
"scenario","BGD.6_1",18307098.9775389,"central","Deaths",-2351.76977633812,"PM25","Stroke",FALSE,"25+","Rangpur","BGD","0.6.1","gbd2021","GBD only",2020,"0.6.1"
"scenario","BGD.6_1",18307098.9775389,"central","exac",-25528.4308355246,"PM25","Asthma",FALSE,"0-18","Rangpur","BGD","0.6.1","gbd2021","GBD only",2020,"0.6.1"
"scenario","BGD.6_1",18307098.9775389,"central","exac",-29626.8399223367,"PM25","Asthma",FALSE,"25+","Rangpur","BGD","0.6.1","gbd2021","GBD only",2020,"0.6.1"
"scenario","BGD.6_1",18307098.9775389,"central","PTB",-73775.9062308669,"PM25","PTB",FALSE,"Newborn","Rangpur","BGD","0.6.1","gbd2021","GBD only",2020,"0.6.1"
"scenario","BGD.6_1",18307098.9775389,"central","LBW",-60156.7240305885,"PM25","LBW",FALSE,"Newborn","Rangpur","BGD","0.6.1","gbd2021","GBD only",2020,"0.6.1"
"scenario","BGD.6_1",18307098.9775389,"central","Absences",-21372696.8137496,"PM25","Absences",FALSE,"25+","Rangpur","BGD","0.6.1","gbd2021","GBD only",2020,"0.6.1"
"scenario","BGD.6_1",18307098.9775389,"low","YLLs",-31942.0213384186,"PM25","LRI.child",FALSE,"0-4","Rangpur","BGD","0.6.1","gbd2021","GBD only",2020,"0.6.1"
"scenario","BGD.6_1",18307098.9775389,"low","Deaths.child",-357.578094274443,"PM25","LRI.child",FALSE,"0-4","Rangpur","BGD","0.6.1","gbd2021","GBD only",2020,"0.6.1"
"scenario","BGD.6_1",18307098.9775389,"low","YLLs",-23805.9424700097,"PM25","COPD",FALSE,"25+","Rangpur","BGD","0.6.1","gbd2021","GBD only",2020,"0.6.1"
"scenario","BGD.6_1",18307098.9775389,"low","YLDs",-6050.18520662256,"PM25","COPD",FALSE,"25+","Rangpur","BGD","0.6.1","gbd2021","GBD only",2020,"0.6.1"
"scenario","BGD.6_1",18307098.9775389,"low","Deaths",-1272.45827565882,"PM25","COPD",FALSE,"25+","Rangpur","BGD","0.6.1","gbd2021","GBD only",2020,"0.6.1"
"scenario","BGD.6_1",18307098.9775389,"low","YLDs",-10641.5090561191,"PM25","Diabetes",FALSE,"25+","Rangpur","BGD","0.6.1","gbd2021","GBD only",2020,"0.6.1"
"scenario","BGD.6_1",18307098.9775389,"low","Deaths",-656.662576227218,"PM25","Diabetes",FALSE,"25+","Rangpur","BGD","0.6.1","gbd2021","GBD only",2020,"0.6.1"
"scenario","BGD.6_1",18307098.9775389,"low","YLLs",-40572.7199887236,"PM25","IHD",FALSE,"25+","Rangpur","BGD","0.6.1","gbd2021","GBD only",2020,"0.6.1"
"scenario","BGD.6_1",18307098.9775389,"low","Deaths",-1524.60458682813,"PM25","IHD",FALSE,"25+","Rangpur","BGD","0.6.1","gbd2021","GBD only",2020,"0.6.1"
"scenario","BGD.6_1",18307098.9775389,"low","YLLs",-3001.23217107826,"PM25","LC",FALSE,"25+","Rangpur","BGD","0.6.1","gbd2021","GBD only",2020,"0.6.1"
"scenario","BGD.6_1",18307098.9775389,"low","Deaths",-113.921612019214,"PM25","LC",FALSE,"25+","Rangpur","BGD","0.6.1","gbd2021","GBD only",2020,"0.6.1"
"scenario","BGD.6_1",18307098.9775389,"low","YLLs",-10994.5799496649,"PM25","LRI",FALSE,"25+","Rangpur","BGD","0.6.1","gbd2021","GBD only",2020,"0.6.1"
"scenario","BGD.6_1",18307098.9775389,"low","Deaths",-551.470047655153,"PM25","LRI",FALSE,"25+","Rangpur","BGD","0.6.1","gbd2021","GBD only",2020,"0.6.1"
"scenario","BGD.6_1",18307098.9775389,"low","YLLs",-18361.3721788733,"PM25","Stroke",FALSE,"25+","Rangpur","BGD","0.6.1","gbd2021","GBD only",2020,"0.6.1"
"scenario","BGD.6_1",18307098.9775389,"low","YLDs",-962.405455799146,"PM25","Stroke",FALSE,"25+","Rangpur","BGD","0.6.1","gbd2021","GBD only",2020,"0.6.1"
"scenario","BGD.6_1",18307098.9775389,"low","Deaths",-797.432085739799,"PM25","Stroke",FALSE,"25+","Rangpur","BGD","0.6.1","gbd2021","GBD only",2020,"0.6.1"
"scenario","BGD.6_1",18307098.9775389,"low","exac",-12928.5582558444,"PM25","Asthma",FALSE,"0-18","Rangpur","BGD","0.6.1","gbd2021","GBD only",2020,"0.6.1"
"scenario","BGD.6_1",18307098.9775389,"low","exac",-18984.4118178014,"PM25","Asthma",FALSE,"25+","Rangpur","BGD","0.6.1","gbd2021","GBD only",2020,"0.6.1"
"scenario","BGD.6_1",18307098.9775389,"low","PTB",-29216.4554652961,"PM25","PTB",FALSE,"Newborn","Rangpur","BGD","0.6.1","gbd2021","GBD only",2020,"0.6.1"
"scenario","BGD.6_1",18307098.9775389,"low","LBW",-15354.2755821726,"PM25","LBW",FALSE,"Newborn","Rangpur","BGD","0.6.1","gbd2021","GBD only",2020,"0.6.1"
"scenario","BGD.6_1",18307098.9775389,"low","Absences",-17804188.2190908,"PM25","Absences",FALSE,"25+","Rangpur","BGD","0.6.1","gbd2021","GBD only",2020,"0.6.1"
"scenario","BGD.6_1",18307098.9775389,"high","YLLs",-78681.9093398438,"PM25","LRI.child",FALSE,"0-4","Rangpur","BGD","0.6.1","gbd2021","GBD only",2020,"0.6.1"
"scenario","BGD.6_1",18307098.9775389,"high","Deaths.child",-880.516731347312,"PM25","LRI.child",FALSE,"0-4","Rangpur","BGD","0.6.1","gbd2021","GBD only",2020,"0.6.1"
"scenario","BGD.6_1",18307098.9775389,"high","YLLs",-77553.7876317272,"PM25","COPD",FALSE,"25+","Rangpur","BGD","0.6.1","gbd2021","GBD only",2020,"0.6.1"
"scenario","BGD.6_1",18307098.9775389,"high","YLDs",-18022.1405862626,"PM25","COPD",FALSE,"25+","Rangpur","BGD","0.6.1","gbd2021","GBD only",2020,"0.6.1"
"scenario","BGD.6_1",18307098.9775389,"high","Deaths",-4017.47172173379,"PM25","COPD",FALSE,"25+","Rangpur","BGD","0.6.1","gbd2021","GBD only",2020,"0.6.1"
"scenario","BGD.6_1",18307098.9775389,"high","YLDs",-38423.7916659647,"PM25","Diabetes",FALSE,"25+","Rangpur","BGD","0.6.1","gbd2021","GBD only",2020,"0.6.1"
"scenario","BGD.6_1",18307098.9775389,"high","Deaths",-1670.21127646308,"PM25","Diabetes",FALSE,"25+","Rangpur","BGD","0.6.1","gbd2021","GBD only",2020,"0.6.1"
"scenario","BGD.6_1",18307098.9775389,"high","YLLs",-126778.118689976,"PM25","IHD",FALSE,"25+","Rangpur","BGD","0.6.1","gbd2021","GBD only",2020,"0.6.1"
"scenario","BGD.6_1",18307098.9775389,"high","Deaths",-4643.40606405757,"PM25","IHD",FALSE,"25+","Rangpur","BGD","0.6.1","gbd2021","GBD only",2020,"0.6.1"
"scenario","BGD.6_1",18307098.9775389,"high","YLLs",-9705.57900644301,"PM25","LC",FALSE,"25+","Rangpur","BGD","0.6.1","gbd2021","GBD only",2020,"0.6.1"
"scenario","BGD.6_1",18307098.9775389,"high","Deaths",-358.112924409339,"PM25","LC",FALSE,"25+","Rangpur","BGD","0.6.1","gbd2021","GBD only",2020,"0.6.1"
"scenario","BGD.6_1",18307098.9775389,"high","YLLs",-26810.9612818567,"PM25","LRI",FALSE,"25+","Rangpur","BGD","0.6.1","gbd2021","GBD only",2020,"0.6.1"
"scenario","BGD.6_1",18307098.9775389,"high","Deaths",-1324.27384953551,"PM25","LRI",FALSE,"25+","Rangpur","BGD","0.6.1","gbd2021","GBD only",2020,"0.6.1"
"scenario","BGD.6_1",18307098.9775389,"high","YLLs",-107472.667776775,"PM25","Stroke",FALSE,"25+","Rangpur","BGD","0.6.1","gbd2021","GBD only",2020,"0.6.1"
"scenario","BGD.6_1",18307098.9775389,"high","YLDs",-6564.14622144176,"PM25","Stroke",FALSE,"25+","Rangpur","BGD","0.6.1","gbd2021","GBD only",2020,"0.6.1"
"scenario","BGD.6_1",18307098.9775389,"high","Deaths",-4458.05243279371,"PM25","Stroke",FALSE,"25+","Rangpur","BGD","0.6.1","gbd2021","GBD only",2020,"0.6.1"
"scenario","BGD.6_1",18307098.9775389,"high","exac",-38794.3394750008,"PM25","Asthma",FALSE,"0-18","Rangpur","BGD","0.6.1","gbd2021","GBD only",2020,"0.6.1"
"scenario","BGD.6_1",18307098.9775389,"high","exac",-40641.8274119796,"PM25","Asthma",FALSE,"25+","Rangpur","BGD","0.6.1","gbd2021","GBD only",2020,"0.6.1"
"scenario","BGD.6_1",18307098.9775389,"high","PTB",-80318.7660687692,"PM25","PTB",FALSE,"Newborn","Rangpur","BGD","0.6.1","gbd2021","GBD only",2020,"0.6.1"
"scenario","BGD.6_1",18307098.9775389,"high","LBW",-130210.00200369,"PM25","LBW",FALSE,"Newborn","Rangpur","BGD","0.6.1","gbd2021","GBD only",2020,"0.6.1"
"scenario","BGD.6_1",18307098.9775389,"high","Absences",-25062629.3548254,"PM25","Absences",FALSE,"25+","Rangpur","BGD","0.6.1","gbd2021","GBD only",2020,"0.6.1"
"scenario","BGD.7_1",10095762.0081601,"central","YLLs",-28696.9851468552,"PM25","LRI.child",FALSE,"0-4","Sylhet","BGD","0.6.1","gbd2021","GBD only",2020,"0.6.1"
"scenario","BGD.7_1",10095762.0081601,"central","Deaths.child",-321.1625569122,"PM25","LRI.child",FALSE,"0-4","Sylhet","BGD","0.6.1","gbd2021","GBD only",2020,"0.6.1"
"scenario","BGD.7_1",10095762.0081601,"central","YLLs",-25986.3039372112,"PM25","COPD",FALSE,"25+","Sylhet","BGD","0.6.1","gbd2021","GBD only",2020,"0.6.1"
"scenario","BGD.7_1",10095762.0081601,"central","YLDs",-6506.55451302029,"PM25","COPD",FALSE,"25+","Sylhet","BGD","0.6.1","gbd2021","GBD only",2020,"0.6.1"
"scenario","BGD.7_1",10095762.0081601,"central","Deaths",-1356.59809843658,"PM25","COPD",FALSE,"25+","Sylhet","BGD","0.6.1","gbd2021","GBD only",2020,"0.6.1"
"scenario","BGD.7_1",10095762.0081601,"central","YLDs",-13266.3175450873,"PM25","Diabetes",FALSE,"25+","Sylhet","BGD","0.6.1","gbd2021","GBD only",2020,"0.6.1"
"scenario","BGD.7_1",10095762.0081601,"central","Deaths",-675.555042114695,"PM25","Diabetes",FALSE,"25+","Sylhet","BGD","0.6.1","gbd2021","GBD only",2020,"0.6.1"
"scenario","BGD.7_1",10095762.0081601,"central","YLLs",-42362.207474216,"PM25","IHD",FALSE,"25+","Sylhet","BGD","0.6.1","gbd2021","GBD only",2020,"0.6.1"
"scenario","BGD.7_1",10095762.0081601,"central","Deaths",-1566.84944428402,"PM25","IHD",FALSE,"25+","Sylhet","BGD","0.6.1","gbd2021","GBD only",2020,"0.6.1"
"scenario","BGD.7_1",10095762.0081601,"central","YLLs",-2998.81130477914,"PM25","LC",FALSE,"25+","Sylhet","BGD","0.6.1","gbd2021","GBD only",2020,"0.6.1"
"scenario","BGD.7_1",10095762.0081601,"central","Deaths",-113.561943271741,"PM25","LC",FALSE,"25+","Sylhet","BGD","0.6.1","gbd2021","GBD only",2020,"0.6.1"
"scenario","BGD.7_1",10095762.0081601,"central","YLLs",-9764.00020641839,"PM25","LRI",FALSE,"25+","Sylhet","BGD","0.6.1","gbd2021","GBD only",2020,"0.6.1"
"scenario","BGD.7_1",10095762.0081601,"central","Deaths",-484.0893306911,"PM25","LRI",FALSE,"25+","Sylhet","BGD","0.6.1","gbd2021","GBD only",2020,"0.6.1"
"scenario","BGD.7_1",10095762.0081601,"central","YLLs",-31143.5253980214,"PM25","Stroke",FALSE,"25+","Sylhet","BGD","0.6.1","gbd2021","GBD only",2020,"0.6.1"
"scenario","BGD.7_1",10095762.0081601,"central","YLDs",-1846.84496694504,"PM25","Stroke",FALSE,"25+","Sylhet","BGD","0.6.1","gbd2021","GBD only",2020,"0.6.1"
"scenario","BGD.7_1",10095762.0081601,"central","Deaths",-1296.9235589442,"PM25","Stroke",FALSE,"25+","Sylhet","BGD","0.6.1","gbd2021","GBD only",2020,"0.6.1"
"scenario","BGD.7_1",10095762.0081601,"central","exac",-14078.0886405563,"PM25","Asthma",FALSE,"0-18","Sylhet","BGD","0.6.1","gbd2021","GBD only",2020,"0.6.1"
"scenario","BGD.7_1",10095762.0081601,"central","exac",-16338.2262409102,"PM25","Asthma",FALSE,"25+","Sylhet","BGD","0.6.1","gbd2021","GBD only",2020,"0.6.1"
"scenario","BGD.7_1",10095762.0081601,"central","PTB",-40684.9819382633,"PM25","PTB",FALSE,"Newborn","Sylhet","BGD","0.6.1","gbd2021","GBD only",2020,"0.6.1"
"scenario","BGD.7_1",10095762.0081601,"central","LBW",-33174.451602,"PM25","LBW",FALSE,"Newborn","Sylhet","BGD","0.6.1","gbd2021","GBD only",2020,"0.6.1"
"scenario","BGD.7_1",10095762.0081601,"central","Absences",-11786338.2269855,"PM25","Absences",FALSE,"25+","Sylhet","BGD","0.6.1","gbd2021","GBD only",2020,"0.6.1"
"scenario","BGD.7_1",10095762.0081601,"low","YLLs",-17614.9725244782,"PM25","LRI.child",FALSE,"0-4","Sylhet","BGD","0.6.1","gbd2021","GBD only",2020,"0.6.1"
"scenario","BGD.7_1",10095762.0081601,"low","Deaths.child",-197.192539547387,"PM25","LRI.child",FALSE,"0-4","Sylhet","BGD","0.6.1","gbd2021","GBD only",2020,"0.6.1"
"scenario","BGD.7_1",10095762.0081601,"low","YLLs",-13128.193049704,"PM25","COPD",FALSE,"25+","Sylhet","BGD","0.6.1","gbd2021","GBD only",2020,"0.6.1"
"scenario","BGD.7_1",10095762.0081601,"low","YLDs",-3336.47783443426,"PM25","COPD",FALSE,"25+","Sylhet","BGD","0.6.1","gbd2021","GBD only",2020,"0.6.1"
"scenario","BGD.7_1",10095762.0081601,"low","Deaths",-701.718821323177,"PM25","COPD",FALSE,"25+","Sylhet","BGD","0.6.1","gbd2021","GBD only",2020,"0.6.1"
"scenario","BGD.7_1",10095762.0081601,"low","YLDs",-5868.44168866245,"PM25","Diabetes",FALSE,"25+","Sylhet","BGD","0.6.1","gbd2021","GBD only",2020,"0.6.1"
"scenario","BGD.7_1",10095762.0081601,"low","Deaths",-362.127778813512,"PM25","Diabetes",FALSE,"25+","Sylhet","BGD","0.6.1","gbd2021","GBD only",2020,"0.6.1"
"scenario","BGD.7_1",10095762.0081601,"low","YLLs",-22374.5185150539,"PM25","IHD",FALSE,"25+","Sylhet","BGD","0.6.1","gbd2021","GBD only",2020,"0.6.1"
"scenario","BGD.7_1",10095762.0081601,"low","Deaths",-840.769205653537,"PM25","IHD",FALSE,"25+","Sylhet","BGD","0.6.1","gbd2021","GBD only",2020,"0.6.1"
"scenario","BGD.7_1",10095762.0081601,"low","YLLs",-1655.08067485814,"PM25","LC",FALSE,"25+","Sylhet","BGD","0.6.1","gbd2021","GBD only",2020,"0.6.1"
"scenario","BGD.7_1",10095762.0081601,"low","Deaths",-62.82401618864,"PM25","LC",FALSE,"25+","Sylhet","BGD","0.6.1","gbd2021","GBD only",2020,"0.6.1"
"scenario","BGD.7_1",10095762.0081601,"low","YLLs",-6063.14865548563,"PM25","LRI",FALSE,"25+","Sylhet","BGD","0.6.1","gbd2021","GBD only",2020,"0.6.1"
"scenario","BGD.7_1",10095762.0081601,"low","Deaths",-304.117564589892,"PM25","LRI",FALSE,"25+","Sylhet","BGD","0.6.1","gbd2021","GBD only",2020,"0.6.1"
"scenario","BGD.7_1",10095762.0081601,"low","YLLs",-10125.6918908119,"PM25","Stroke",FALSE,"25+","Sylhet","BGD","0.6.1","gbd2021","GBD only",2020,"0.6.1"
"scenario","BGD.7_1",10095762.0081601,"low","YLDs",-530.734905023653,"PM25","Stroke",FALSE,"25+","Sylhet","BGD","0.6.1","gbd2021","GBD only",2020,"0.6.1"
"scenario","BGD.7_1",10095762.0081601,"low","Deaths",-439.757526038235,"PM25","Stroke",FALSE,"25+","Sylhet","BGD","0.6.1","gbd2021","GBD only",2020,"0.6.1"
"scenario","BGD.7_1",10095762.0081601,"low","exac",-7129.67398164931,"PM25","Asthma",FALSE,"0-18","Sylhet","BGD","0.6.1","gbd2021","GBD only",2020,"0.6.1"
"scenario","BGD.7_1",10095762.0081601,"low","exac",-10469.2777273218,"PM25","Asthma",FALSE,"25+","Sylhet","BGD","0.6.1","gbd2021","GBD only",2020,"0.6.1"
"scenario","BGD.7_1",10095762.0081601,"low","PTB",-16111.9127318604,"PM25","PTB",FALSE,"Newborn","Sylhet","BGD","0.6.1","gbd2021","GBD only",2020,"0.6.1"
"scenario","BGD.7_1",10095762.0081601,"low","LBW",-8467.37717841068,"PM25","LBW",FALSE,"Newborn","Sylhet","BGD","0.6.1","gbd2021","GBD only",2020,"0.6.1"
"scenario","BGD.7_1",10095762.0081601,"low","Absences",-9818423.29191303,"PM25","Absences",FALSE,"25+","Sylhet","BGD","0.6.1","gbd2021","GBD only",2020,"0.6.1"
"scenario","BGD.7_1",10095762.0081601,"high","YLLs",-43390.4810378361,"PM25","LRI.child",FALSE,"0-4","Sylhet","BGD","0.6.1","gbd2021","GBD only",2020,"0.6.1"
"scenario","BGD.7_1",10095762.0081601,"high","Deaths.child",-485.575971091436,"PM25","LRI.child",FALSE,"0-4","Sylhet","BGD","0.6.1","gbd2021","GBD only",2020,"0.6.1"
"scenario","BGD.7_1",10095762.0081601,"high","YLLs",-42768.3590787341,"PM25","COPD",FALSE,"25+","Sylhet","BGD","0.6.1","gbd2021","GBD only",2020,"0.6.1"
"scenario","BGD.7_1",10095762.0081601,"high","YLDs",-9938.61684255616,"PM25","COPD",FALSE,"25+","Sylhet","BGD","0.6.1","gbd2021","GBD only",2020,"0.6.1"
"scenario","BGD.7_1",10095762.0081601,"high","Deaths",-2215.50330977618,"PM25","COPD",FALSE,"25+","Sylhet","BGD","0.6.1","gbd2021","GBD only",2020,"0.6.1"
"scenario","BGD.7_1",10095762.0081601,"high","YLDs",-21189.4553356951,"PM25","Diabetes",FALSE,"25+","Sylhet","BGD","0.6.1","gbd2021","GBD only",2020,"0.6.1"
"scenario","BGD.7_1",10095762.0081601,"high","Deaths",-921.066498367926,"PM25","Diabetes",FALSE,"25+","Sylhet","BGD","0.6.1","gbd2021","GBD only",2020,"0.6.1"
"scenario","BGD.7_1",10095762.0081601,"high","YLLs",-69913.9560946603,"PM25","IHD",FALSE,"25+","Sylhet","BGD","0.6.1","gbd2021","GBD only",2020,"0.6.1"
"scenario","BGD.7_1",10095762.0081601,"high","Deaths",-2560.68547985063,"PM25","IHD",FALSE,"25+","Sylhet","BGD","0.6.1","gbd2021","GBD only",2020,"0.6.1"
"scenario","BGD.7_1",10095762.0081601,"high","YLLs",-5352.30709795478,"PM25","LC",FALSE,"25+","Sylhet","BGD","0.6.1","gbd2021","GBD only",2020,"0.6.1"
"scenario","BGD.7_1",10095762.0081601,"high","Deaths",-197.487480748241,"PM25","LC",FALSE,"25+","Sylhet","BGD","0.6.1","gbd2021","GBD only",2020,"0.6.1"
"scenario","BGD.7_1",10095762.0081601,"high","YLLs",-14785.3619322054,"PM25","LRI",FALSE,"25+","Sylhet","BGD","0.6.1","gbd2021","GBD only",2020,"0.6.1"
"scenario","BGD.7_1",10095762.0081601,"high","Deaths",-730.293403391969,"PM25","LRI",FALSE,"25+","Sylhet","BGD","0.6.1","gbd2021","GBD only",2020,"0.6.1"
"scenario","BGD.7_1",10095762.0081601,"high","YLLs",-59267.6358819926,"PM25","Stroke",FALSE,"25+","Sylhet","BGD","0.6.1","gbd2021","GBD only",2020,"0.6.1"
"scenario","BGD.7_1",10095762.0081601,"high","YLDs",-3619.91040304889,"PM25","Stroke",FALSE,"25+","Sylhet","BGD","0.6.1","gbd2021","GBD only",2020,"0.6.1"
"scenario","BGD.7_1",10095762.0081601,"high","Deaths",-2458.46905818364,"PM25","Stroke",FALSE,"25+","Sylhet","BGD","0.6.1","gbd2021","GBD only",2020,"0.6.1"
"scenario","BGD.7_1",10095762.0081601,"high","exac",-21393.8002456809,"PM25","Asthma",FALSE,"0-18","Sylhet","BGD","0.6.1","gbd2021","GBD only",2020,"0.6.1"
"scenario","BGD.7_1",10095762.0081601,"high","exac",-22412.6289824223,"PM25","Asthma",FALSE,"25+","Sylhet","BGD","0.6.1","gbd2021","GBD only",2020,"0.6.1"
"scenario","BGD.7_1",10095762.0081601,"high","PTB",-44293.1536020127,"PM25","PTB",FALSE,"Newborn","Sylhet","BGD","0.6.1","gbd2021","GBD only",2020,"0.6.1"
"scenario","BGD.7_1",10095762.0081601,"high","LBW",-71806.5266880437,"PM25","LBW",FALSE,"Newborn","Sylhet","BGD","0.6.1","gbd2021","GBD only",2020,"0.6.1"
"scenario","BGD.7_1",10095762.0081601,"high","Absences",-13821214.4685228,"PM25","Absences",FALSE,"25+","Sylhet","BGD","0.6.1","gbd2021","GBD only",2020,"0.6.1"
"scenario","BGD.8_1",12479801.3432101,"central","YLLs",-35473.5653923233,"PM25","LRI.child",FALSE,"0-4","Mymensingh","BGD","0.6.1","gbd2021","GBD only",2020,"0.6.1"
"scenario","BGD.8_1",12479801.3432101,"central","Deaths.child",-397.002713207981,"PM25","LRI.child",FALSE,"0-4","Mymensingh","BGD","0.6.1","gbd2021","GBD only",2020,"0.6.1"
"scenario","BGD.8_1",12479801.3432101,"central","YLLs",-32122.7769155563,"PM25","COPD",FALSE,"25+","Mymensingh","BGD","0.6.1","gbd2021","GBD only",2020,"0.6.1"
"scenario","BGD.8_1",12479801.3432101,"central","YLDs",-8043.02911316935,"PM25","COPD",FALSE,"25+","Mymensingh","BGD","0.6.1","gbd2021","GBD only",2020,"0.6.1"
"scenario","BGD.8_1",12479801.3432101,"central","Deaths",-1676.9486797907,"PM25","COPD",FALSE,"25+","Mymensingh","BGD","0.6.1","gbd2021","GBD only",2020,"0.6.1"
"scenario","BGD.8_1",12479801.3432101,"central","YLDs",-16399.0600595393,"PM25","Diabetes",FALSE,"25+","Mymensingh","BGD","0.6.1","gbd2021","GBD only",2020,"0.6.1"
"scenario","BGD.8_1",12479801.3432101,"central","Deaths",-835.082355861894,"PM25","Diabetes",FALSE,"25+","Mymensingh","BGD","0.6.1","gbd2021","GBD only",2020,"0.6.1"
"scenario","BGD.8_1",12479801.3432101,"central","YLLs",-52365.7286404685,"PM25","IHD",FALSE,"25+","Mymensingh","BGD","0.6.1","gbd2021","GBD only",2020,"0.6.1"
"scenario","BGD.8_1",12479801.3432101,"central","Deaths",-1936.84932188167,"PM25","IHD",FALSE,"25+","Mymensingh","BGD","0.6.1","gbd2021","GBD only",2020,"0.6.1"
"scenario","BGD.8_1",12479801.3432101,"central","YLLs",-3706.95835729556,"PM25","LC",FALSE,"25+","Mymensingh","BGD","0.6.1","gbd2021","GBD only",2020,"0.6.1"
"scenario","BGD.8_1",12479801.3432101,"central","Deaths",-140.378754078663,"PM25","LC",FALSE,"25+","Mymensingh","BGD","0.6.1","gbd2021","GBD only",2020,"0.6.1"
"scenario","BGD.8_1",12479801.3432101,"central","YLLs",-12069.6964521026,"PM25","LRI",FALSE,"25+","Mymensingh","BGD","0.6.1","gbd2021","GBD only",2020,"0.6.1"
"scenario","BGD.8_1",12479801.3432101,"central","Deaths",-598.403436462683,"PM25","LRI",FALSE,"25+","Mymensingh","BGD","0.6.1","gbd2021","GBD only",2020,"0.6.1"
"scenario","BGD.8_1",12479801.3432101,"central","YLLs",-38497.837981955,"PM25","Stroke",FALSE,"25+","Mymensingh","BGD","0.6.1","gbd2021","GBD only",2020,"0.6.1"
"scenario","BGD.8_1",12479801.3432101,"central","YLDs",-2282.96371096626,"PM25","Stroke",FALSE,"25+","Mymensingh","BGD","0.6.1","gbd2021","GBD only",2020,"0.6.1"
"scenario","BGD.8_1",12479801.3432101,"central","Deaths",-1603.18244030223,"PM25","Stroke",FALSE,"25+","Mymensingh","BGD","0.6.1","gbd2021","GBD only",2020,"0.6.1"
"scenario","BGD.8_1",12479801.3432101,"central","exac",-17402.5248796714,"PM25","Asthma",FALSE,"0-18","Mymensingh","BGD","0.6.1","gbd2021","GBD only",2020,"0.6.1"
"scenario","BGD.8_1",12479801.3432101,"central","exac",-20196.3772147342,"PM25","Asthma",FALSE,"25+","Mymensingh","BGD","0.6.1","gbd2021","GBD only",2020,"0.6.1"
"scenario","BGD.8_1",12479801.3432101,"central","PTB",-50292.438731344,"PM25","PTB",FALSE,"Newborn","Mymensingh","BGD","0.6.1","gbd2021","GBD only",2020,"0.6.1"
"scenario","BGD.8_1",12479801.3432101,"central","LBW",-41008.3523490615,"PM25","LBW",FALSE,"Newborn","Mymensingh","BGD","0.6.1","gbd2021","GBD only",2020,"0.6.1"
"scenario","BGD.8_1",12479801.3432101,"central","Absences",-14569594.5999692,"PM25","Absences",FALSE,"25+","Mymensingh","BGD","0.6.1","gbd2021","GBD only",2020,"0.6.1"
"scenario","BGD.8_1",12479801.3432101,"low","YLLs",-21774.6176657004,"PM25","LRI.child",FALSE,"0-4","Mymensingh","BGD","0.6.1","gbd2021","GBD only",2020,"0.6.1"
"scenario","BGD.8_1",12479801.3432101,"low","Deaths.child",-243.758095518236,"PM25","LRI.child",FALSE,"0-4","Mymensingh","BGD","0.6.1","gbd2021","GBD only",2020,"0.6.1"
"scenario","BGD.8_1",12479801.3432101,"low","YLLs",-16228.3184888067,"PM25","COPD",FALSE,"25+","Mymensingh","BGD","0.6.1","gbd2021","GBD only",2020,"0.6.1"
"scenario","BGD.8_1",12479801.3432101,"low","YLDs",-4124.36233402768,"PM25","COPD",FALSE,"25+","Mymensingh","BGD","0.6.1","gbd2021","GBD only",2020,"0.6.1"
"scenario","BGD.8_1",12479801.3432101,"low","Deaths",-867.424517517993,"PM25","COPD",FALSE,"25+","Mymensingh","BGD","0.6.1","gbd2021","GBD only",2020,"0.6.1"
"scenario","BGD.8_1",12479801.3432101,"low","YLDs",-7254.230677142,"PM25","Diabetes",FALSE,"25+","Mymensingh","BGD","0.6.1","gbd2021","GBD only",2020,"0.6.1"
"scenario","BGD.8_1",12479801.3432101,"low","Deaths",-447.641568491586,"PM25","Diabetes",FALSE,"25+","Mymensingh","BGD","0.6.1","gbd2021","GBD only",2020,"0.6.1"
"scenario","BGD.8_1",12479801.3432101,"low","YLLs",-27658.0951484554,"PM25","IHD",FALSE,"25+","Mymensingh","BGD","0.6.1","gbd2021","GBD only",2020,"0.6.1"
"scenario","BGD.8_1",12479801.3432101,"low","Deaths",-1039.31061900664,"PM25","IHD",FALSE,"25+","Mymensingh","BGD","0.6.1","gbd2021","GBD only",2020,"0.6.1"
"scenario","BGD.8_1",12479801.3432101,"low","YLLs",-2045.91570329419,"PM25","LC",FALSE,"25+","Mymensingh","BGD","0.6.1","gbd2021","GBD only",2020,"0.6.1"
"scenario","BGD.8_1",12479801.3432101,"low","Deaths",-77.6594417522055,"PM25","LC",FALSE,"25+","Mymensingh","BGD","0.6.1","gbd2021","GBD only",2020,"0.6.1"
"scenario","BGD.8_1",12479801.3432101,"low","YLLs",-7494.91625036843,"PM25","LRI",FALSE,"25+","Mymensingh","BGD","0.6.1","gbd2021","GBD only",2020,"0.6.1"
"scenario","BGD.8_1",12479801.3432101,"low","Deaths",-375.932672342615,"PM25","LRI",FALSE,"25+","Mymensingh","BGD","0.6.1","gbd2021","GBD only",2020,"0.6.1"
"scenario","BGD.8_1",12479801.3432101,"low","YLLs",-12516.7989457108,"PM25","Stroke",FALSE,"25+","Mymensingh","BGD","0.6.1","gbd2021","GBD only",2020,"0.6.1"
"scenario","BGD.8_1",12479801.3432101,"low","YLDs",-656.064017282619,"PM25","Stroke",FALSE,"25+","Mymensingh","BGD","0.6.1","gbd2021","GBD only",2020,"0.6.1"
"scenario","BGD.8_1",12479801.3432101,"low","Deaths",-543.603004875007,"PM25","Stroke",FALSE,"25+","Mymensingh","BGD","0.6.1","gbd2021","GBD only",2020,"0.6.1"
"scenario","BGD.8_1",12479801.3432101,"low","exac",-8813.29362369287,"PM25","Asthma",FALSE,"0-18","Mymensingh","BGD","0.6.1","gbd2021","GBD only",2020,"0.6.1"
"scenario","BGD.8_1",12479801.3432101,"low","exac",-12941.5200297182,"PM25","Asthma",FALSE,"25+","Mymensingh","BGD","0.6.1","gbd2021","GBD only",2020,"0.6.1"
"scenario","BGD.8_1",12479801.3432101,"low","PTB",-19916.6214487065,"PM25","PTB",FALSE,"Newborn","Mymensingh","BGD","0.6.1","gbd2021","GBD only",2020,"0.6.1"
"scenario","BGD.8_1",12479801.3432101,"low","LBW",-10466.8855108892,"PM25","LBW",FALSE,"Newborn","Mymensingh","BGD","0.6.1","gbd2021","GBD only",2020,"0.6.1"
"scenario","BGD.8_1",12479801.3432101,"low","Absences",-12136971.1456732,"PM25","Absences",FALSE,"25+","Mymensingh","BGD","0.6.1","gbd2021","GBD only",2020,"0.6.1"
"scenario","BGD.8_1",12479801.3432101,"high","YLLs",-53636.8213811729,"PM25","LRI.child",FALSE,"0-4","Mymensingh","BGD","0.6.1","gbd2021","GBD only",2020,"0.6.1"
"scenario","BGD.8_1",12479801.3432101,"high","Deaths.child",-600.241135969664,"PM25","LRI.child",FALSE,"0-4","Mymensingh","BGD","0.6.1","gbd2021","GBD only",2020,"0.6.1"
"scenario","BGD.8_1",12479801.3432101,"high","YLLs",-52867.7899346544,"PM25","COPD",FALSE,"25+","Mymensingh","BGD","0.6.1","gbd2021","GBD only",2020,"0.6.1"
"scenario","BGD.8_1",12479801.3432101,"high","YLDs",-12285.5475120284,"PM25","COPD",FALSE,"25+","Mymensingh","BGD","0.6.1","gbd2021","GBD only",2020,"0.6.1"
"scenario","BGD.8_1",12479801.3432101,"high","Deaths",-2738.67798774209,"PM25","COPD",FALSE,"25+","Mymensingh","BGD","0.6.1","gbd2021","GBD only",2020,"0.6.1"
"scenario","BGD.8_1",12479801.3432101,"high","YLDs",-26193.1880868978,"PM25","Diabetes",FALSE,"25+","Mymensingh","BGD","0.6.1","gbd2021","GBD only",2020,"0.6.1"
"scenario","BGD.8_1",12479801.3432101,"high","Deaths",-1138.56952196643,"PM25","Diabetes",FALSE,"25+","Mymensingh","BGD","0.6.1","gbd2021","GBD only",2020,"0.6.1"
"scenario","BGD.8_1",12479801.3432101,"high","YLLs",-86423.6183929504,"PM25","IHD",FALSE,"25+","Mymensingh","BGD","0.6.1","gbd2021","GBD only",2020,"0.6.1"
"scenario","BGD.8_1",12479801.3432101,"high","Deaths",-3165.37236764785,"PM25","IHD",FALSE,"25+","Mymensingh","BGD","0.6.1","gbd2021","GBD only",2020,"0.6.1"
"scenario","BGD.8_1",12479801.3432101,"high","YLLs",-6616.21473013531,"PM25","LC",FALSE,"25+","Mymensingh","BGD","0.6.1","gbd2021","GBD only",2020,"0.6.1"
"scenario","BGD.8_1",12479801.3432101,"high","Deaths",-244.122684896596,"PM25","LC",FALSE,"25+","Mymensingh","BGD","0.6.1","gbd2021","GBD only",2020,"0.6.1"
"scenario","BGD.8_1",12479801.3432101,"high","YLLs",-18276.8155144943,"PM25","LRI",FALSE,"25+","Mymensingh","BGD","0.6.1","gbd2021","GBD only",2020,"0.6.1"
"scenario","BGD.8_1",12479801.3432101,"high","Deaths",-902.746775253021,"PM25","LRI",FALSE,"25+","Mymensingh","BGD","0.6.1","gbd2021","GBD only",2020,"0.6.1"
"scenario","BGD.8_1",12479801.3432101,"high","YLLs",-73263.2486077963,"PM25","Stroke",FALSE,"25+","Mymensingh","BGD","0.6.1","gbd2021","GBD only",2020,"0.6.1"
"scenario","BGD.8_1",12479801.3432101,"high","YLDs",-4474.72540198112,"PM25","Stroke",FALSE,"25+","Mymensingh","BGD","0.6.1","gbd2021","GBD only",2020,"0.6.1"
"scenario","BGD.8_1",12479801.3432101,"high","Deaths",-3039.01829597027,"PM25","Stroke",FALSE,"25+","Mymensingh","BGD","0.6.1","gbd2021","GBD only",2020,"0.6.1"
"scenario","BGD.8_1",12479801.3432101,"high","exac",-26445.7875320972,"PM25","Asthma",FALSE,"0-18","Mymensingh","BGD","0.6.1","gbd2021","GBD only",2020,"0.6.1"
"scenario","BGD.8_1",12479801.3432101,"high","exac",-27705.2051200919,"PM25","Asthma",FALSE,"25+","Mymensingh","BGD","0.6.1","gbd2021","GBD only",2020,"0.6.1"
"scenario","BGD.8_1",12479801.3432101,"high","PTB",-54752.6533777863,"PM25","PTB",FALSE,"Newborn","Mymensingh","BGD","0.6.1","gbd2021","GBD only",2020,"0.6.1"
"scenario","BGD.8_1",12479801.3432101,"high","LBW",-88763.1054979687,"PM25","LBW",FALSE,"Newborn","Mymensingh","BGD","0.6.1","gbd2021","GBD only",2020,"0.6.1"
"scenario","BGD.8_1",12479801.3432101,"high","Absences",-17084991.7767131,"PM25","Absences",FALSE,"25+","Mymensingh","BGD","0.6.1","gbd2021","GBD only",2020,"0.6.1"
