"scenario","region_id","pop","estimate","Outcome","number","Pollutant","Cause","double_counted","AgeGrp","region_name","iso3","version","epi_version","pop_year","rr_sources","ref"
"scenario","BGD.1_1",8609866.07514108,"central","YLLs",-32220.8355557216,"PM25","LRI.child",FALSE,"0-4","Barisal","BGD","0.6.0","gbd2021",2021,"fusion","0.6.0"
"scenario","BGD.1_1",8609866.07514108,"central","Deaths.child",-360.599759172161,"PM25","LRI.child",FALSE,"0-4","Barisal","BGD","0.6.0","gbd2021",2021,"fusion","0.6.0"
"scenario","BGD.1_1",8609866.07514108,"central","YLLs",-99400.1167083901,"PM25","IHD",TRUE,"25+","Barisal","BGD","0.6.0","gbd2021",2021,"fusion","0.6.0"
"scenario","BGD.1_1",8609866.07514108,"central","Deaths",-3820.3514902378,"PM25","IHD",TRUE,"25+","Barisal","BGD","0.6.0","gbd2021",2021,"fusion","0.6.0"
"scenario","BGD.1_1",8609866.07514108,"central","YLLs",-82650.8206375896,"PM25","Stroke",TRUE,"25+","Barisal","BGD","0.6.0","gbd2021",2021,"fusion","0.6.0"
"scenario","BGD.1_1",8609866.07514108,"central","YLDs",-4782.60583083189,"PM25","Stroke",FALSE,"25+","Barisal","BGD","0.6.0","gbd2021",2021,"fusion","0.6.0"
"scenario","BGD.1_1",8609866.07514108,"central","Deaths",-3555.22841403388,"PM25","Stroke",TRUE,"25+","Barisal","BGD","0.6.0","gbd2021",2021,"fusion","0.6.0"
"scenario","BGD.1_1",8609866.07514108,"central","YLLs",-32561.4830199794,"PM25","COPD",TRUE,"25+","Barisal","BGD","0.6.0","gbd2021",2021,"fusion","0.6.0"
"scenario","BGD.1_1",8609866.07514108,"central","YLDs",-8152.87409884031,"PM25","COPD",FALSE,"25+","Barisal","BGD","0.6.0","gbd2021",2021,"fusion","0.6.0"
"scenario","BGD.1_1",8609866.07514108,"central","Deaths",-1699.85104668639,"PM25","COPD",TRUE,"25+","Barisal","BGD","0.6.0","gbd2021",2021,"fusion","0.6.0"
"scenario","BGD.1_1",8609866.07514108,"central","YLLs",-4369.59384949062,"PM25","LC",TRUE,"25+","Barisal","BGD","0.6.0","gbd2021",2021,"fusion","0.6.0"
"scenario","BGD.1_1",8609866.07514108,"central","Deaths",-165.472088245629,"PM25","LC",TRUE,"25+","Barisal","BGD","0.6.0","gbd2021",2021,"fusion","0.6.0"
"scenario","BGD.1_1",8609866.07514108,"central","YLLs",-10962.9720128114,"PM25","LRI",TRUE,"25+","Barisal","BGD","0.6.0","gbd2021",2021,"fusion","0.6.0"
"scenario","BGD.1_1",8609866.07514108,"central","Deaths",-543.533149515762,"PM25","LRI",TRUE,"25+","Barisal","BGD","0.6.0","gbd2021",2021,"fusion","0.6.0"
"scenario","BGD.1_1",8609866.07514108,"central","YLDs",-20618.9758770321,"PM25","Diabetes",FALSE,"25+","Barisal","BGD","0.6.0","gbd2021",2021,"fusion","0.6.0"
"scenario","BGD.1_1",8609866.07514108,"central","Deaths",-1049.97133301159,"PM25","Diabetes",TRUE,"25+","Barisal","BGD","0.6.0","gbd2021",2021,"fusion","0.6.0"
"scenario","BGD.1_1",8609866.07514108,"central","YLLs",-290385.56202996,"PM25","NCD.LRI",FALSE,"25+","Barisal","BGD","0.6.0","gbd2021",2021,"fusion","0.6.0"
"scenario","BGD.1_1",8609866.07514108,"central","Deaths",-12941.6124407613,"PM25","NCD.LRI",FALSE,"25+","Barisal","BGD","0.6.0","gbd2021",2021,"fusion","0.6.0"
"scenario","BGD.1_1",8609866.07514108,"central","exac",-12006.073210837,"PM25","Asthma",FALSE,"0-18","Barisal","BGD","0.6.0","gbd2021",2021,"fusion","0.6.0"
"scenario","BGD.1_1",8609866.07514108,"central","exac",-13933.5633829221,"PM25","Asthma",FALSE,"25+","Barisal","BGD","0.6.0","gbd2021",2021,"fusion","0.6.0"
"scenario","BGD.1_1",8609866.07514108,"central","PTB",-34696.9595236947,"PM25","PTB",FALSE,"Newborn","Barisal","BGD","0.6.0","gbd2021",2021,"fusion","0.6.0"
"scenario","BGD.1_1",8609866.07514108,"central","LBW",-28291.8302926129,"PM25","LBW",FALSE,"Newborn","Barisal","BGD","0.6.0","gbd2021",2021,"fusion","0.6.0"
"scenario","BGD.1_1",8609866.07514108,"central","Absences",-10051623.004647,"PM25","Absences",FALSE,"25+","Barisal","BGD","0.6.0","gbd2021",2021,"fusion","0.6.0"
"scenario","BGD.1_1",8609866.07514108,"low","YLLs",-17136.0982597108,"PM25","LRI.child",FALSE,"0-4","Barisal","BGD","0.6.0","gbd2021",2021,"fusion","0.6.0"
"scenario","BGD.1_1",8609866.07514108,"low","Deaths.child",-191.831734569568,"PM25","LRI.child",FALSE,"0-4","Barisal","BGD","0.6.0","gbd2021",2021,"fusion","0.6.0"
"scenario","BGD.1_1",8609866.07514108,"low","YLLs",-62705.5342014182,"PM25","IHD",TRUE,"25+","Barisal","BGD","0.6.0","gbd2021",2021,"fusion","0.6.0"
"scenario","BGD.1_1",8609866.07514108,"low","Deaths",-2427.81831136687,"PM25","IHD",TRUE,"25+","Barisal","BGD","0.6.0","gbd2021",2021,"fusion","0.6.0"
"scenario","BGD.1_1",8609866.07514108,"low","YLLs",-45761.1610011288,"PM25","Stroke",TRUE,"25+","Barisal","BGD","0.6.0","gbd2021",2021,"fusion","0.6.0"
"scenario","BGD.1_1",8609866.07514108,"low","YLDs",-2396.70157785926,"PM25","Stroke",FALSE,"25+","Barisal","BGD","0.6.0","gbd2021",2021,"fusion","0.6.0"
"scenario","BGD.1_1",8609866.07514108,"low","Deaths",-1987.04022556436,"PM25","Stroke",TRUE,"25+","Barisal","BGD","0.6.0","gbd2021",2021,"fusion","0.6.0"
"scenario","BGD.1_1",8609866.07514108,"low","YLLs",-19022.7959248983,"PM25","COPD",TRUE,"25+","Barisal","BGD","0.6.0","gbd2021",2021,"fusion","0.6.0"
"scenario","BGD.1_1",8609866.07514108,"low","YLDs",-4834.56761430091,"PM25","COPD",FALSE,"25+","Barisal","BGD","0.6.0","gbd2021",2021,"fusion","0.6.0"
"scenario","BGD.1_1",8609866.07514108,"low","Deaths",-1016.79293442382,"PM25","COPD",TRUE,"25+","Barisal","BGD","0.6.0","gbd2021",2021,"fusion","0.6.0"
"scenario","BGD.1_1",8609866.07514108,"low","YLLs",-2181.38051195255,"PM25","LC",TRUE,"25+","Barisal","BGD","0.6.0","gbd2021",2021,"fusion","0.6.0"
"scenario","BGD.1_1",8609866.07514108,"low","Deaths",-82.8014529311308,"PM25","LC",TRUE,"25+","Barisal","BGD","0.6.0","gbd2021",2021,"fusion","0.6.0"
"scenario","BGD.1_1",8609866.07514108,"low","YLLs",-5898.31809156981,"PM25","LRI",TRUE,"25+","Barisal","BGD","0.6.0","gbd2021",2021,"fusion","0.6.0"
"scenario","BGD.1_1",8609866.07514108,"low","Deaths",-295.84993459822,"PM25","LRI",TRUE,"25+","Barisal","BGD","0.6.0","gbd2021",2021,"fusion","0.6.0"
"scenario","BGD.1_1",8609866.07514108,"low","YLDs",-9572.4104137893,"PM25","Diabetes",FALSE,"25+","Barisal","BGD","0.6.0","gbd2021",2021,"fusion","0.6.0"
"scenario","BGD.1_1",8609866.07514108,"low","Deaths",-590.691005370955,"PM25","Diabetes",TRUE,"25+","Barisal","BGD","0.6.0","gbd2021",2021,"fusion","0.6.0"
"scenario","BGD.1_1",8609866.07514108,"low","YLLs",-175881.328942881,"PM25","NCD.LRI",FALSE,"25+","Barisal","BGD","0.6.0","gbd2021",2021,"fusion","0.6.0"
"scenario","BGD.1_1",8609866.07514108,"low","Deaths",-7970.29114638936,"PM25","NCD.LRI",FALSE,"25+","Barisal","BGD","0.6.0","gbd2021",2021,"fusion","0.6.0"
"scenario","BGD.1_1",8609866.07514108,"low","exac",-6080.3273781418,"PM25","Asthma",FALSE,"0-18","Barisal","BGD","0.6.0","gbd2021",2021,"fusion","0.6.0"
"scenario","BGD.1_1",8609866.07514108,"low","exac",-8928.40768857697,"PM25","Asthma",FALSE,"25+","Barisal","BGD","0.6.0","gbd2021",2021,"fusion","0.6.0"
"scenario","BGD.1_1",8609866.07514108,"low","PTB",-13740.5587338089,"PM25","PTB",FALSE,"Newborn","Barisal","BGD","0.6.0","gbd2021",2021,"fusion","0.6.0"
"scenario","BGD.1_1",8609866.07514108,"low","LBW",-7221.14719571418,"PM25","LBW",FALSE,"Newborn","Barisal","BGD","0.6.0","gbd2021",2021,"fusion","0.6.0"
"scenario","BGD.1_1",8609866.07514108,"low","Absences",-8373346.11732044,"PM25","Absences",FALSE,"25+","Barisal","BGD","0.6.0","gbd2021",2021,"fusion","0.6.0"
"scenario","BGD.1_1",8609866.07514108,"high","YLLs",-50355.1724387395,"PM25","LRI.child",FALSE,"0-4","Barisal","BGD","0.6.0","gbd2021",2021,"fusion","0.6.0"
"scenario","BGD.1_1",8609866.07514108,"high","Deaths.child",-563.516724672776,"PM25","LRI.child",FALSE,"0-4","Barisal","BGD","0.6.0","gbd2021",2021,"fusion","0.6.0"
"scenario","BGD.1_1",8609866.07514108,"high","YLLs",-141954.099148741,"PM25","IHD",TRUE,"25+","Barisal","BGD","0.6.0","gbd2021",2021,"fusion","0.6.0"
"scenario","BGD.1_1",8609866.07514108,"high","Deaths",-5445.39882409718,"PM25","IHD",TRUE,"25+","Barisal","BGD","0.6.0","gbd2021",2021,"fusion","0.6.0"
"scenario","BGD.1_1",8609866.07514108,"high","YLLs",-125334.706271636,"PM25","Stroke",TRUE,"25+","Barisal","BGD","0.6.0","gbd2021",2021,"fusion","0.6.0"
"scenario","BGD.1_1",8609866.07514108,"high","YLDs",-7428.51905558533,"PM25","Stroke",FALSE,"25+","Barisal","BGD","0.6.0","gbd2021",2021,"fusion","0.6.0"
"scenario","BGD.1_1",8609866.07514108,"high","Deaths",-5417.69473319173,"PM25","Stroke",TRUE,"25+","Barisal","BGD","0.6.0","gbd2021",2021,"fusion","0.6.0"
"scenario","BGD.1_1",8609866.07514108,"high","YLLs",-50121.4817734231,"PM25","COPD",TRUE,"25+","Barisal","BGD","0.6.0","gbd2021",2021,"fusion","0.6.0"
"scenario","BGD.1_1",8609866.07514108,"high","YLDs",-11647.3536431494,"PM25","COPD",FALSE,"25+","Barisal","BGD","0.6.0","gbd2021",2021,"fusion","0.6.0"
"scenario","BGD.1_1",8609866.07514108,"high","Deaths",-2596.41265533427,"PM25","COPD",TRUE,"25+","Barisal","BGD","0.6.0","gbd2021",2021,"fusion","0.6.0"
"scenario","BGD.1_1",8609866.07514108,"high","YLLs",-7803.24357884352,"PM25","LC",TRUE,"25+","Barisal","BGD","0.6.0","gbd2021",2021,"fusion","0.6.0"
"scenario","BGD.1_1",8609866.07514108,"high","Deaths",-287.921243652024,"PM25","LC",TRUE,"25+","Barisal","BGD","0.6.0","gbd2021",2021,"fusion","0.6.0"
"scenario","BGD.1_1",8609866.07514108,"high","YLLs",-17158.5894384569,"PM25","LRI",TRUE,"25+","Barisal","BGD","0.6.0","gbd2021",2021,"fusion","0.6.0"
"scenario","BGD.1_1",8609866.07514108,"high","Deaths",-847.51423305517,"PM25","LRI",TRUE,"25+","Barisal","BGD","0.6.0","gbd2021",2021,"fusion","0.6.0"
"scenario","BGD.1_1",8609866.07514108,"high","YLDs",-35006.2323887052,"PM25","Diabetes",FALSE,"25+","Barisal","BGD","0.6.0","gbd2021",2021,"fusion","0.6.0"
"scenario","BGD.1_1",8609866.07514108,"high","Deaths",-1521.65628500148,"PM25","Diabetes",TRUE,"25+","Barisal","BGD","0.6.0","gbd2021",2021,"fusion","0.6.0"
"scenario","BGD.1_1",8609866.07514108,"high","YLLs",-429036.254515476,"PM25","NCD.LRI",FALSE,"25+","Barisal","BGD","0.6.0","gbd2021",2021,"fusion","0.6.0"
"scenario","BGD.1_1",8609866.07514108,"high","Deaths",-18846.4953486618,"PM25","NCD.LRI",FALSE,"25+","Barisal","BGD","0.6.0","gbd2021",2021,"fusion","0.6.0"
"scenario","BGD.1_1",8609866.07514108,"high","exac",-18245.0571640611,"PM25","Asthma",FALSE,"0-18","Barisal","BGD","0.6.0","gbd2021",2021,"fusion","0.6.0"
"scenario","BGD.1_1",8609866.07514108,"high","exac",-19113.9345177227,"PM25","Asthma",FALSE,"25+","Barisal","BGD","0.6.0","gbd2021",2021,"fusion","0.6.0"
"scenario","BGD.1_1",8609866.07514108,"high","PTB",-37774.0798813153,"PM25","PTB",FALSE,"Newborn","Barisal","BGD","0.6.0","gbd2021",2021,"fusion","0.6.0"
"scenario","BGD.1_1",8609866.07514108,"high","LBW",-61238.0301363488,"PM25","LBW",FALSE,"Newborn","Barisal","BGD","0.6.0","gbd2021",2021,"fusion","0.6.0"
"scenario","BGD.1_1",8609866.07514108,"high","Absences",-11787005.8222057,"PM25","Absences",FALSE,"25+","Barisal","BGD","0.6.0","gbd2021",2021,"fusion","0.6.0"
"scenario","BGD.2_1",28778421.8363756,"central","YLLs",-107697.935072451,"PM25","LRI.child",FALSE,"0-4","Chittagong","BGD","0.6.0","gbd2021",2021,"fusion","0.6.0"
"scenario","BGD.2_1",28778421.8363756,"central","Deaths.child",-1205.30236974468,"PM25","LRI.child",FALSE,"0-4","Chittagong","BGD","0.6.0","gbd2021",2021,"fusion","0.6.0"
"scenario","BGD.2_1",28778421.8363756,"central","YLLs",-332244.249126971,"PM25","IHD",TRUE,"25+","Chittagong","BGD","0.6.0","gbd2021",2021,"fusion","0.6.0"
"scenario","BGD.2_1",28778421.8363756,"central","Deaths",-12769.5002209995,"PM25","IHD",TRUE,"25+","Chittagong","BGD","0.6.0","gbd2021",2021,"fusion","0.6.0"
"scenario","BGD.2_1",28778421.8363756,"central","YLLs",-276259.83501633,"PM25","Stroke",TRUE,"25+","Chittagong","BGD","0.6.0","gbd2021",2021,"fusion","0.6.0"
"scenario","BGD.2_1",28778421.8363756,"central","YLDs",-15985.8291494433,"PM25","Stroke",FALSE,"25+","Chittagong","BGD","0.6.0","gbd2021",2021,"fusion","0.6.0"
"scenario","BGD.2_1",28778421.8363756,"central","Deaths",-11883.3280484051,"PM25","Stroke",TRUE,"25+","Chittagong","BGD","0.6.0","gbd2021",2021,"fusion","0.6.0"
"scenario","BGD.2_1",28778421.8363756,"central","YLLs",-108836.547025104,"PM25","COPD",TRUE,"25+","Chittagong","BGD","0.6.0","gbd2021",2021,"fusion","0.6.0"
"scenario","BGD.2_1",28778421.8363756,"central","YLDs",-27250.9291024529,"PM25","COPD",FALSE,"25+","Chittagong","BGD","0.6.0","gbd2021",2021,"fusion","0.6.0"
"scenario","BGD.2_1",28778421.8363756,"central","Deaths",-5681.74116224489,"PM25","COPD",TRUE,"25+","Chittagong","BGD","0.6.0","gbd2021",2021,"fusion","0.6.0"
"scenario","BGD.2_1",28778421.8363756,"central","YLLs",-14605.3392650725,"PM25","LC",TRUE,"25+","Chittagong","BGD","0.6.0","gbd2021",2021,"fusion","0.6.0"
"scenario","BGD.2_1",28778421.8363756,"central","Deaths",-553.089387932281,"PM25","LC",TRUE,"25+","Chittagong","BGD","0.6.0","gbd2021",2021,"fusion","0.6.0"
"scenario","BGD.2_1",28778421.8363756,"central","YLLs",-36643.6632592913,"PM25","LRI",TRUE,"25+","Chittagong","BGD","0.6.0","gbd2021",2021,"fusion","0.6.0"
"scenario","BGD.2_1",28778421.8363756,"central","Deaths",-1816.75604734213,"PM25","LRI",TRUE,"25+","Chittagong","BGD","0.6.0","gbd2021",2021,"fusion","0.6.0"
"scenario","BGD.2_1",28778421.8363756,"central","YLDs",-68918.7939097594,"PM25","Diabetes",FALSE,"25+","Chittagong","BGD","0.6.0","gbd2021",2021,"fusion","0.6.0"
"scenario","BGD.2_1",28778421.8363756,"central","Deaths",-3509.52240996543,"PM25","Diabetes",TRUE,"25+","Chittagong","BGD","0.6.0","gbd2021",2021,"fusion","0.6.0"
"scenario","BGD.2_1",28778421.8363756,"central","YLLs",-970611.8685655,"PM25","NCD.LRI",FALSE,"25+","Chittagong","BGD","0.6.0","gbd2021",2021,"fusion","0.6.0"
"scenario","BGD.2_1",28778421.8363756,"central","Deaths",-43257.2561306677,"PM25","NCD.LRI",FALSE,"25+","Chittagong","BGD","0.6.0","gbd2021",2021,"fusion","0.6.0"
"scenario","BGD.2_1",28778421.8363756,"central","exac",-40130.2222873676,"PM25","Asthma",FALSE,"0-18","Chittagong","BGD","0.6.0","gbd2021",2021,"fusion","0.6.0"
"scenario","BGD.2_1",28778421.8363756,"central","exac",-46572.8457583515,"PM25","Asthma",FALSE,"25+","Chittagong","BGD","0.6.0","gbd2021",2021,"fusion","0.6.0"
"scenario","BGD.2_1",28778421.8363756,"central","PTB",-115974.363468387,"PM25","PTB",FALSE,"Newborn","Chittagong","BGD","0.6.0","gbd2021",2021,"fusion","0.6.0"
"scenario","BGD.2_1",28778421.8363756,"central","LBW",-94565.2603162727,"PM25","LBW",FALSE,"Newborn","Chittagong","BGD","0.6.0","gbd2021",2021,"fusion","0.6.0"
"scenario","BGD.2_1",28778421.8363756,"central","Absences",-33597485.0762363,"PM25","Absences",FALSE,"25+","Chittagong","BGD","0.6.0","gbd2021",2021,"fusion","0.6.0"
"scenario","BGD.2_1",28778421.8363756,"low","YLLs",-57277.2979328206,"PM25","LRI.child",FALSE,"0-4","Chittagong","BGD","0.6.0","gbd2021",2021,"fusion","0.6.0"
"scenario","BGD.2_1",28778421.8363756,"low","Deaths.child",-641.19633579274,"PM25","LRI.child",FALSE,"0-4","Chittagong","BGD","0.6.0","gbd2021",2021,"fusion","0.6.0"
"scenario","BGD.2_1",28778421.8363756,"low","YLLs",-209592.843718432,"PM25","IHD",TRUE,"25+","Chittagong","BGD","0.6.0","gbd2021",2021,"fusion","0.6.0"
"scenario","BGD.2_1",28778421.8363756,"low","Deaths",-8114.96705022186,"PM25","IHD",TRUE,"25+","Chittagong","BGD","0.6.0","gbd2021",2021,"fusion","0.6.0"
"scenario","BGD.2_1",28778421.8363756,"low","YLLs",-152956.385560412,"PM25","Stroke",TRUE,"25+","Chittagong","BGD","0.6.0","gbd2021",2021,"fusion","0.6.0"
"scenario","BGD.2_1",28778421.8363756,"low","YLDs",-8010.95956912556,"PM25","Stroke",FALSE,"25+","Chittagong","BGD","0.6.0","gbd2021",2021,"fusion","0.6.0"
"scenario","BGD.2_1",28778421.8363756,"low","Deaths",-6641.66914073639,"PM25","Stroke",TRUE,"25+","Chittagong","BGD","0.6.0","gbd2021",2021,"fusion","0.6.0"
"scenario","BGD.2_1",28778421.8363756,"low","YLLs",-63583.5727125451,"PM25","COPD",TRUE,"25+","Chittagong","BGD","0.6.0","gbd2021",2021,"fusion","0.6.0"
"scenario","BGD.2_1",28778421.8363756,"low","YLDs",-16159.5110756182,"PM25","COPD",FALSE,"25+","Chittagong","BGD","0.6.0","gbd2021",2021,"fusion","0.6.0"
"scenario","BGD.2_1",28778421.8363756,"low","Deaths",-3398.62382663314,"PM25","COPD",TRUE,"25+","Chittagong","BGD","0.6.0","gbd2021",2021,"fusion","0.6.0"
"scenario","BGD.2_1",28778421.8363756,"low","YLLs",-7291.25029480685,"PM25","LC",TRUE,"25+","Chittagong","BGD","0.6.0","gbd2021",2021,"fusion","0.6.0"
"scenario","BGD.2_1",28778421.8363756,"low","Deaths",-276.763322486158,"PM25","LC",TRUE,"25+","Chittagong","BGD","0.6.0","gbd2021",2021,"fusion","0.6.0"
"scenario","BGD.2_1",28778421.8363756,"low","YLLs",-19715.0901864105,"PM25","LRI",TRUE,"25+","Chittagong","BGD","0.6.0","gbd2021",2021,"fusion","0.6.0"
"scenario","BGD.2_1",28778421.8363756,"low","Deaths",-988.87649863848,"PM25","LRI",TRUE,"25+","Chittagong","BGD","0.6.0","gbd2021",2021,"fusion","0.6.0"
"scenario","BGD.2_1",28778421.8363756,"low","YLDs",-31995.7200814453,"PM25","Diabetes",FALSE,"25+","Chittagong","BGD","0.6.0","gbd2021",2021,"fusion","0.6.0"
"scenario","BGD.2_1",28778421.8363756,"low","Deaths",-1974.38087644584,"PM25","Diabetes",TRUE,"25+","Chittagong","BGD","0.6.0","gbd2021",2021,"fusion","0.6.0"
"scenario","BGD.2_1",28778421.8363756,"low","YLLs",-587882.207839994,"PM25","NCD.LRI",FALSE,"25+","Chittagong","BGD","0.6.0","gbd2021",2021,"fusion","0.6.0"
"scenario","BGD.2_1",28778421.8363756,"low","Deaths",-26640.6467612524,"PM25","NCD.LRI",FALSE,"25+","Chittagong","BGD","0.6.0","gbd2021",2021,"fusion","0.6.0"
"scenario","BGD.2_1",28778421.8363756,"low","exac",-20323.4550531102,"PM25","Asthma",FALSE,"0-18","Chittagong","BGD","0.6.0","gbd2021",2021,"fusion","0.6.0"
"scenario","BGD.2_1",28778421.8363756,"low","exac",-29843.1451252042,"PM25","Asthma",FALSE,"25+","Chittagong","BGD","0.6.0","gbd2021",2021,"fusion","0.6.0"
"scenario","BGD.2_1",28778421.8363756,"low","PTB",-45927.7289632607,"PM25","PTB",FALSE,"Newborn","Chittagong","BGD","0.6.0","gbd2021",2021,"fusion","0.6.0"
"scenario","BGD.2_1",28778421.8363756,"low","LBW",-24136.6379368935,"PM25","LBW",FALSE,"Newborn","Chittagong","BGD","0.6.0","gbd2021",2021,"fusion","0.6.0"
"scenario","BGD.2_1",28778421.8363756,"low","Absences",-27987855.4025331,"PM25","Absences",FALSE,"25+","Chittagong","BGD","0.6.0","gbd2021",2021,"fusion","0.6.0"
"scenario","BGD.2_1",28778421.8363756,"high","YLLs",-168311.83916664,"PM25","LRI.child",FALSE,"0-4","Chittagong","BGD","0.6.0","gbd2021",2021,"fusion","0.6.0"
"scenario","BGD.2_1",28778421.8363756,"high","Deaths.child",-1883.55101844251,"PM25","LRI.child",FALSE,"0-4","Chittagong","BGD","0.6.0","gbd2021",2021,"fusion","0.6.0"
"scenario","BGD.2_1",28778421.8363756,"high","YLLs",-474480.661029123,"PM25","IHD",TRUE,"25+","Chittagong","BGD","0.6.0","gbd2021",2021,"fusion","0.6.0"
"scenario","BGD.2_1",28778421.8363756,"high","Deaths",-18201.2104554836,"PM25","IHD",TRUE,"25+","Chittagong","BGD","0.6.0","gbd2021",2021,"fusion","0.6.0"
"scenario","BGD.2_1",28778421.8363756,"high","YLLs",-418930.447505736,"PM25","Stroke",TRUE,"25+","Chittagong","BGD","0.6.0","gbd2021",2021,"fusion","0.6.0"
"scenario","BGD.2_1",28778421.8363756,"high","YLDs",-24829.7770412983,"PM25","Stroke",FALSE,"25+","Chittagong","BGD","0.6.0","gbd2021",2021,"fusion","0.6.0"
"scenario","BGD.2_1",28778421.8363756,"high","Deaths",-18108.609710279,"PM25","Stroke",TRUE,"25+","Chittagong","BGD","0.6.0","gbd2021",2021,"fusion","0.6.0"
"scenario","BGD.2_1",28778421.8363756,"high","YLLs",-167530.729624751,"PM25","COPD",TRUE,"25+","Chittagong","BGD","0.6.0","gbd2021",2021,"fusion","0.6.0"
"scenario","BGD.2_1",28778421.8363756,"high","YLDs",-38931.2044455356,"PM25","COPD",FALSE,"25+","Chittagong","BGD","0.6.0","gbd2021",2021,"fusion","0.6.0"
"scenario","BGD.2_1",28778421.8363756,"high","Deaths",-8678.49255777061,"PM25","COPD",TRUE,"25+","Chittagong","BGD","0.6.0","gbd2021",2021,"fusion","0.6.0"
"scenario","BGD.2_1",28778421.8363756,"high","YLLs",-26082.2913439184,"PM25","LC",TRUE,"25+","Chittagong","BGD","0.6.0","gbd2021",2021,"fusion","0.6.0"
"scenario","BGD.2_1",28778421.8363756,"high","Deaths",-962.37490027812,"PM25","LC",TRUE,"25+","Chittagong","BGD","0.6.0","gbd2021",2021,"fusion","0.6.0"
"scenario","BGD.2_1",28778421.8363756,"high","YLLs",-57352.4745527463,"PM25","LRI",TRUE,"25+","Chittagong","BGD","0.6.0","gbd2021",2021,"fusion","0.6.0"
"scenario","BGD.2_1",28778421.8363756,"high","Deaths",-2832.81085888365,"PM25","LRI",TRUE,"25+","Chittagong","BGD","0.6.0","gbd2021",2021,"fusion","0.6.0"
"scenario","BGD.2_1",28778421.8363756,"high","YLDs",-117008.106025372,"PM25","Diabetes",FALSE,"25+","Chittagong","BGD","0.6.0","gbd2021",2021,"fusion","0.6.0"
"scenario","BGD.2_1",28778421.8363756,"high","Deaths",-5086.1263203827,"PM25","Diabetes",TRUE,"25+","Chittagong","BGD","0.6.0","gbd2021",2021,"fusion","0.6.0"
"scenario","BGD.2_1",28778421.8363756,"high","YLLs",-1434050.91412441,"PM25","NCD.LRI",FALSE,"25+","Chittagong","BGD","0.6.0","gbd2021",2021,"fusion","0.6.0"
"scenario","BGD.2_1",28778421.8363756,"high","Deaths",-62994.2891733292,"PM25","NCD.LRI",FALSE,"25+","Chittagong","BGD","0.6.0","gbd2021",2021,"fusion","0.6.0"
"scenario","BGD.2_1",28778421.8363756,"high","exac",-60983.9859196106,"PM25","Asthma",FALSE,"0-18","Chittagong","BGD","0.6.0","gbd2021",2021,"fusion","0.6.0"
"scenario","BGD.2_1",28778421.8363756,"high","exac",-63888.2028713638,"PM25","Asthma",FALSE,"25+","Chittagong","BGD","0.6.0","gbd2021",2021,"fusion","0.6.0"
"scenario","BGD.2_1",28778421.8363756,"high","PTB",-126259.618421259,"PM25","PTB",FALSE,"Newborn","Chittagong","BGD","0.6.0","gbd2021",2021,"fusion","0.6.0"
"scenario","BGD.2_1",28778421.8363756,"high","LBW",-204687.720843979,"PM25","LBW",FALSE,"Newborn","Chittagong","BGD","0.6.0","gbd2021",2021,"fusion","0.6.0"
"scenario","BGD.2_1",28778421.8363756,"high","Absences",-39397990.9534993,"PM25","Absences",FALSE,"25+","Chittagong","BGD","0.6.0","gbd2021",2021,"fusion","0.6.0"
"scenario","BGD.3_1",48208409.8364394,"central","YLLs",-180411.080983887,"PM25","LRI.child",FALSE,"0-4","Dhaka","BGD","0.6.0","gbd2021",2021,"fusion","0.6.0"
"scenario","BGD.3_1",48208409.8364394,"central","Deaths.child",-2019.07216969197,"PM25","LRI.child",FALSE,"0-4","Dhaka","BGD","0.6.0","gbd2021",2021,"fusion","0.6.0"
"scenario","BGD.3_1",48208409.8364394,"central","YLLs",-556561.684263987,"PM25","IHD",TRUE,"25+","Dhaka","BGD","0.6.0","gbd2021",2021,"fusion","0.6.0"
"scenario","BGD.3_1",48208409.8364394,"central","Deaths",-21390.9332332578,"PM25","IHD",TRUE,"25+","Dhaka","BGD","0.6.0","gbd2021",2021,"fusion","0.6.0"
"scenario","BGD.3_1",48208409.8364394,"central","YLLs",-462778.932894095,"PM25","Stroke",TRUE,"25+","Dhaka","BGD","0.6.0","gbd2021",2021,"fusion","0.6.0"
"scenario","BGD.3_1",48208409.8364394,"central","YLDs",-26778.7930691017,"PM25","Stroke",FALSE,"25+","Dhaka","BGD","0.6.0","gbd2021",2021,"fusion","0.6.0"
"scenario","BGD.3_1",48208409.8364394,"central","Deaths",-19906.4546358915,"PM25","Stroke",TRUE,"25+","Dhaka","BGD","0.6.0","gbd2021",2021,"fusion","0.6.0"
"scenario","BGD.3_1",48208409.8364394,"central","YLLs",-182318.436153337,"PM25","COPD",TRUE,"25+","Dhaka","BGD","0.6.0","gbd2021",2021,"fusion","0.6.0"
"scenario","BGD.3_1",48208409.8364394,"central","YLDs",-45649.6178304765,"PM25","COPD",FALSE,"25+","Dhaka","BGD","0.6.0","gbd2021",2021,"fusion","0.6.0"
"scenario","BGD.3_1",48208409.8364394,"central","Deaths",-9517.81539972596,"PM25","COPD",TRUE,"25+","Dhaka","BGD","0.6.0","gbd2021",2021,"fusion","0.6.0"
"scenario","BGD.3_1",48208409.8364394,"central","YLLs",-24466.254094617,"PM25","LC",TRUE,"25+","Dhaka","BGD","0.6.0","gbd2021",2021,"fusion","0.6.0"
"scenario","BGD.3_1",48208409.8364394,"central","Deaths",-926.512233409609,"PM25","LC",TRUE,"25+","Dhaka","BGD","0.6.0","gbd2021",2021,"fusion","0.6.0"
"scenario","BGD.3_1",48208409.8364394,"central","YLLs",-61383.9336415407,"PM25","LRI",TRUE,"25+","Dhaka","BGD","0.6.0","gbd2021",2021,"fusion","0.6.0"
"scenario","BGD.3_1",48208409.8364394,"central","Deaths",-3043.35382256412,"PM25","LRI",TRUE,"25+","Dhaka","BGD","0.6.0","gbd2021",2021,"fusion","0.6.0"
"scenario","BGD.3_1",48208409.8364394,"central","YLDs",-115449.883983396,"PM25","Diabetes",FALSE,"25+","Dhaka","BGD","0.6.0","gbd2021",2021,"fusion","0.6.0"
"scenario","BGD.3_1",48208409.8364394,"central","Deaths",-5879.005305841,"PM25","Diabetes",TRUE,"25+","Dhaka","BGD","0.6.0","gbd2021",2021,"fusion","0.6.0"
"scenario","BGD.3_1",48208409.8364394,"central","YLLs",-1625928.44798639,"PM25","NCD.LRI",FALSE,"25+","Dhaka","BGD","0.6.0","gbd2021",2021,"fusion","0.6.0"
"scenario","BGD.3_1",48208409.8364394,"central","Deaths",-72462.7480896497,"PM25","NCD.LRI",FALSE,"25+","Dhaka","BGD","0.6.0","gbd2021",2021,"fusion","0.6.0"
"scenario","BGD.3_1",48208409.8364394,"central","exac",-67224.4716494994,"PM25","Asthma",FALSE,"0-18","Dhaka","BGD","0.6.0","gbd2021",2021,"fusion","0.6.0"
"scenario","BGD.3_1",48208409.8364394,"central","exac",-78016.8853015387,"PM25","Asthma",FALSE,"25+","Dhaka","BGD","0.6.0","gbd2021",2021,"fusion","0.6.0"
"scenario","BGD.3_1",48208409.8364394,"central","PTB",-194275.408025922,"PM25","PTB",FALSE,"Newborn","Dhaka","BGD","0.6.0","gbd2021",2021,"fusion","0.6.0"
"scenario","BGD.3_1",48208409.8364394,"central","LBW",-158411.772943505,"PM25","LBW",FALSE,"Newborn","Dhaka","BGD","0.6.0","gbd2021",2021,"fusion","0.6.0"
"scenario","BGD.3_1",48208409.8364394,"central","Absences",-56281103.2251104,"PM25","Absences",FALSE,"25+","Dhaka","BGD","0.6.0","gbd2021",2021,"fusion","0.6.0"
"scenario","BGD.3_1",48208409.8364394,"low","YLLs",-95948.5363293626,"PM25","LRI.child",FALSE,"0-4","Dhaka","BGD","0.6.0","gbd2021",2021,"fusion","0.6.0"
"scenario","BGD.3_1",48208409.8364394,"low","Deaths.child",-1074.10531116921,"PM25","LRI.child",FALSE,"0-4","Dhaka","BGD","0.6.0","gbd2021",2021,"fusion","0.6.0"
"scenario","BGD.3_1",48208409.8364394,"low","YLLs",-351101.174560981,"PM25","IHD",TRUE,"25+","Dhaka","BGD","0.6.0","gbd2021",2021,"fusion","0.6.0"
"scenario","BGD.3_1",48208409.8364394,"low","Deaths",-13593.8537418963,"PM25","IHD",TRUE,"25+","Dhaka","BGD","0.6.0","gbd2021",2021,"fusion","0.6.0"
"scenario","BGD.3_1",48208409.8364394,"low","YLLs",-256226.146246712,"PM25","Stroke",TRUE,"25+","Dhaka","BGD","0.6.0","gbd2021",2021,"fusion","0.6.0"
"scenario","BGD.3_1",48208409.8364394,"low","YLDs",-13419.6247552185,"PM25","Stroke",FALSE,"25+","Dhaka","BGD","0.6.0","gbd2021",2021,"fusion","0.6.0"
"scenario","BGD.3_1",48208409.8364394,"low","Deaths",-11125.846641456,"PM25","Stroke",TRUE,"25+","Dhaka","BGD","0.6.0","gbd2021",2021,"fusion","0.6.0"
"scenario","BGD.3_1",48208409.8364394,"low","YLLs",-106512.544350744,"PM25","COPD",TRUE,"25+","Dhaka","BGD","0.6.0","gbd2021",2021,"fusion","0.6.0"
"scenario","BGD.3_1",48208409.8364394,"low","YLDs",-27069.7377750295,"PM25","COPD",FALSE,"25+","Dhaka","BGD","0.6.0","gbd2021",2021,"fusion","0.6.0"
"scenario","BGD.3_1",48208409.8364394,"low","Deaths",-5693.23263262201,"PM25","COPD",TRUE,"25+","Dhaka","BGD","0.6.0","gbd2021",2021,"fusion","0.6.0"
"scenario","BGD.3_1",48208409.8364394,"low","YLLs",-12213.9978498685,"PM25","LC",TRUE,"25+","Dhaka","BGD","0.6.0","gbd2021",2021,"fusion","0.6.0"
"scenario","BGD.3_1",48208409.8364394,"low","Deaths",-463.62235406677,"PM25","LC",TRUE,"25+","Dhaka","BGD","0.6.0","gbd2021",2021,"fusion","0.6.0"
"scenario","BGD.3_1",48208409.8364394,"low","YLLs",-33025.8953417483,"PM25","LRI",TRUE,"25+","Dhaka","BGD","0.6.0","gbd2021",2021,"fusion","0.6.0"
"scenario","BGD.3_1",48208409.8364394,"low","Deaths",-1656.52459314948,"PM25","LRI",TRUE,"25+","Dhaka","BGD","0.6.0","gbd2021",2021,"fusion","0.6.0"
"scenario","BGD.3_1",48208409.8364394,"low","YLDs",-53597.8934309947,"PM25","Diabetes",FALSE,"25+","Dhaka","BGD","0.6.0","gbd2021",2021,"fusion","0.6.0"
"scenario","BGD.3_1",48208409.8364394,"low","Deaths",-3307.40035037704,"PM25","Diabetes",TRUE,"25+","Dhaka","BGD","0.6.0","gbd2021",2021,"fusion","0.6.0"
"scenario","BGD.3_1",48208409.8364394,"low","YLLs",-984795.711600754,"PM25","NCD.LRI",FALSE,"25+","Dhaka","BGD","0.6.0","gbd2021",2021,"fusion","0.6.0"
"scenario","BGD.3_1",48208409.8364394,"low","Deaths",-44627.2983513944,"PM25","NCD.LRI",FALSE,"25+","Dhaka","BGD","0.6.0","gbd2021",2021,"fusion","0.6.0"
"scenario","BGD.3_1",48208409.8364394,"low","exac",-34045.0027476612,"PM25","Asthma",FALSE,"0-18","Dhaka","BGD","0.6.0","gbd2021",2021,"fusion","0.6.0"
"scenario","BGD.3_1",48208409.8364394,"low","exac",-49991.9898034731,"PM25","Asthma",FALSE,"25+","Dhaka","BGD","0.6.0","gbd2021",2021,"fusion","0.6.0"
"scenario","BGD.3_1",48208409.8364394,"low","PTB",-76936.2126007585,"PM25","PTB",FALSE,"Newborn","Dhaka","BGD","0.6.0","gbd2021",2021,"fusion","0.6.0"
"scenario","BGD.3_1",48208409.8364394,"low","LBW",-40432.6873916598,"PM25","LBW",FALSE,"Newborn","Dhaka","BGD","0.6.0","gbd2021",2021,"fusion","0.6.0"
"scenario","BGD.3_1",48208409.8364394,"low","Absences",-46884085.9780178,"PM25","Absences",FALSE,"25+","Dhaka","BGD","0.6.0","gbd2021",2021,"fusion","0.6.0"
"scenario","BGD.3_1",48208409.8364394,"high","YLLs",-281948.960544252,"PM25","LRI.child",FALSE,"0-4","Dhaka","BGD","0.6.0","gbd2021",2021,"fusion","0.6.0"
"scenario","BGD.3_1",48208409.8364394,"high","Deaths.child",-3155.24596731514,"PM25","LRI.child",FALSE,"0-4","Dhaka","BGD","0.6.0","gbd2021",2021,"fusion","0.6.0"
"scenario","BGD.3_1",48208409.8364394,"high","YLLs",-794830.178541738,"PM25","IHD",TRUE,"25+","Dhaka","BGD","0.6.0","gbd2021",2021,"fusion","0.6.0"
"scenario","BGD.3_1",48208409.8364394,"high","Deaths",-30489.9072696243,"PM25","IHD",TRUE,"25+","Dhaka","BGD","0.6.0","gbd2021",2021,"fusion","0.6.0"
"scenario","BGD.3_1",48208409.8364394,"high","YLLs",-701774.781853791,"PM25","Stroke",TRUE,"25+","Dhaka","BGD","0.6.0","gbd2021",2021,"fusion","0.6.0"
"scenario","BGD.3_1",48208409.8364394,"high","YLDs",-41593.8050585273,"PM25","Stroke",FALSE,"25+","Dhaka","BGD","0.6.0","gbd2021",2021,"fusion","0.6.0"
"scenario","BGD.3_1",48208409.8364394,"high","Deaths",-30334.7863703142,"PM25","Stroke",TRUE,"25+","Dhaka","BGD","0.6.0","gbd2021",2021,"fusion","0.6.0"
"scenario","BGD.3_1",48208409.8364394,"high","YLLs",-280640.478476102,"PM25","COPD",TRUE,"25+","Dhaka","BGD","0.6.0","gbd2021",2021,"fusion","0.6.0"
"scenario","BGD.3_1",48208409.8364394,"high","YLDs",-65215.9270583865,"PM25","COPD",FALSE,"25+","Dhaka","BGD","0.6.0","gbd2021",2021,"fusion","0.6.0"
"scenario","BGD.3_1",48208409.8364394,"high","Deaths",-14537.8481268442,"PM25","COPD",TRUE,"25+","Dhaka","BGD","0.6.0","gbd2021",2021,"fusion","0.6.0"
"scenario","BGD.3_1",48208409.8364394,"high","YLLs",-43691.9646855574,"PM25","LC",TRUE,"25+","Dhaka","BGD","0.6.0","gbd2021",2021,"fusion","0.6.0"
"scenario","BGD.3_1",48208409.8364394,"high","Deaths",-1612.1302228695,"PM25","LC",TRUE,"25+","Dhaka","BGD","0.6.0","gbd2021",2021,"fusion","0.6.0"
"scenario","BGD.3_1",48208409.8364394,"high","YLLs",-96074.4690620228,"PM25","LRI",TRUE,"25+","Dhaka","BGD","0.6.0","gbd2021",2021,"fusion","0.6.0"
"scenario","BGD.3_1",48208409.8364394,"high","Deaths",-4745.40638992092,"PM25","LRI",TRUE,"25+","Dhaka","BGD","0.6.0","gbd2021",2021,"fusion","0.6.0"
"scenario","BGD.3_1",48208409.8364394,"high","YLDs",-196007.090365417,"PM25","Diabetes",FALSE,"25+","Dhaka","BGD","0.6.0","gbd2021",2021,"fusion","0.6.0"
"scenario","BGD.3_1",48208409.8364394,"high","Deaths",-8520.06630269706,"PM25","Diabetes",TRUE,"25+","Dhaka","BGD","0.6.0","gbd2021",2021,"fusion","0.6.0"
"scenario","BGD.3_1",48208409.8364394,"high","YLLs",-2402262.17363476,"PM25","NCD.LRI",FALSE,"25+","Dhaka","BGD","0.6.0","gbd2021",2021,"fusion","0.6.0"
"scenario","BGD.3_1",48208409.8364394,"high","Deaths",-105525.401187373,"PM25","NCD.LRI",FALSE,"25+","Dhaka","BGD","0.6.0","gbd2021",2021,"fusion","0.6.0"
"scenario","BGD.3_1",48208409.8364394,"high","exac",-102157.8251715,"PM25","Asthma",FALSE,"0-18","Dhaka","BGD","0.6.0","gbd2021",2021,"fusion","0.6.0"
"scenario","BGD.3_1",48208409.8364394,"high","exac",-107022.848064697,"PM25","Asthma",FALSE,"25+","Dhaka","BGD","0.6.0","gbd2021",2021,"fusion","0.6.0"
"scenario","BGD.3_1",48208409.8364394,"high","PTB",-211504.837383078,"PM25","PTB",FALSE,"Newborn","Dhaka","BGD","0.6.0","gbd2021",2021,"fusion","0.6.0"
"scenario","BGD.3_1",48208409.8364394,"high","LBW",-342884.317668189,"PM25","LBW",FALSE,"Newborn","Dhaka","BGD","0.6.0","gbd2021",2021,"fusion","0.6.0"
"scenario","BGD.3_1",48208409.8364394,"high","Absences",-65997868.3131915,"PM25","Absences",FALSE,"25+","Dhaka","BGD","0.6.0","gbd2021",2021,"fusion","0.6.0"
"scenario","BGD.4_1",17940505.7763955,"central","YLLs",-67139.0334486984,"PM25","LRI.child",FALSE,"0-4","Khulna","BGD","0.6.0","gbd2021",2021,"fusion","0.6.0"
"scenario","BGD.4_1",17940505.7763955,"central","Deaths.child",-751.387072218651,"PM25","LRI.child",FALSE,"0-4","Khulna","BGD","0.6.0","gbd2021",2021,"fusion","0.6.0"
"scenario","BGD.4_1",17940505.7763955,"central","YLLs",-207121.499035863,"PM25","IHD",TRUE,"25+","Khulna","BGD","0.6.0","gbd2021",2021,"fusion","0.6.0"
"scenario","BGD.4_1",17940505.7763955,"central","Deaths",-7960.52312315994,"PM25","IHD",TRUE,"25+","Khulna","BGD","0.6.0","gbd2021",2021,"fusion","0.6.0"
"scenario","BGD.4_1",17940505.7763955,"central","YLLs",-172220.742126719,"PM25","Stroke",TRUE,"25+","Khulna","BGD","0.6.0","gbd2021",2021,"fusion","0.6.0"
"scenario","BGD.4_1",17940505.7763955,"central","YLDs",-9965.5867797983,"PM25","Stroke",FALSE,"25+","Khulna","BGD","0.6.0","gbd2021",2021,"fusion","0.6.0"
"scenario","BGD.4_1",17940505.7763955,"central","Deaths",-7408.08223283926,"PM25","Stroke",TRUE,"25+","Khulna","BGD","0.6.0","gbd2021",2021,"fusion","0.6.0"
"scenario","BGD.4_1",17940505.7763955,"central","YLLs",-67848.845627759,"PM25","COPD",TRUE,"25+","Khulna","BGD","0.6.0","gbd2021",2021,"fusion","0.6.0"
"scenario","BGD.4_1",17940505.7763955,"central","YLDs",-16988.2648101548,"PM25","COPD",FALSE,"25+","Khulna","BGD","0.6.0","gbd2021",2021,"fusion","0.6.0"
"scenario","BGD.4_1",17940505.7763955,"central","Deaths",-3542.00486464459,"PM25","COPD",TRUE,"25+","Khulna","BGD","0.6.0","gbd2021",2021,"fusion","0.6.0"
"scenario","BGD.4_1",17940505.7763955,"central","YLLs",-9104.9875820516,"PM25","LC",TRUE,"25+","Khulna","BGD","0.6.0","gbd2021",2021,"fusion","0.6.0"
"scenario","BGD.4_1",17940505.7763955,"central","Deaths",-344.796647136491,"PM25","LC",TRUE,"25+","Khulna","BGD","0.6.0","gbd2021",2021,"fusion","0.6.0"
"scenario","BGD.4_1",17940505.7763955,"central","YLLs",-22843.7075566337,"PM25","LRI",TRUE,"25+","Khulna","BGD","0.6.0","gbd2021",2021,"fusion","0.6.0"
"scenario","BGD.4_1",17940505.7763955,"central","Deaths",-1132.56809379467,"PM25","LRI",TRUE,"25+","Khulna","BGD","0.6.0","gbd2021",2021,"fusion","0.6.0"
"scenario","BGD.4_1",17940505.7763955,"central","YLDs",-42964.0661767427,"PM25","Diabetes",FALSE,"25+","Khulna","BGD","0.6.0","gbd2021",2021,"fusion","0.6.0"
"scenario","BGD.4_1",17940505.7763955,"central","Deaths",-2187.84085612334,"PM25","Diabetes",TRUE,"25+","Khulna","BGD","0.6.0","gbd2021",2021,"fusion","0.6.0"
"scenario","BGD.4_1",17940505.7763955,"central","YLLs",-605080.707122945,"PM25","NCD.LRI",FALSE,"25+","Khulna","BGD","0.6.0","gbd2021",2021,"fusion","0.6.0"
"scenario","BGD.4_1",17940505.7763955,"central","Deaths",-26966.6299943626,"PM25","NCD.LRI",FALSE,"25+","Khulna","BGD","0.6.0","gbd2021",2021,"fusion","0.6.0"
"scenario","BGD.4_1",17940505.7763955,"central","exac",-25017.2330104812,"PM25","Asthma",FALSE,"0-18","Khulna","BGD","0.6.0","gbd2021",2021,"fusion","0.6.0"
"scenario","BGD.4_1",17940505.7763955,"central","exac",-29033.5729006077,"PM25","Asthma",FALSE,"25+","Khulna","BGD","0.6.0","gbd2021",2021,"fusion","0.6.0"
"scenario","BGD.4_1",17940505.7763955,"central","PTB",-72298.5697251951,"PM25","PTB",FALSE,"Newborn","Khulna","BGD","0.6.0","gbd2021",2021,"fusion","0.6.0"
"scenario","BGD.4_1",17940505.7763955,"central","LBW",-58952.10684576,"PM25","LBW",FALSE,"Newborn","Khulna","BGD","0.6.0","gbd2021",2021,"fusion","0.6.0"
"scenario","BGD.4_1",17940505.7763955,"central","Absences",-20944716.0969988,"PM25","Absences",FALSE,"25+","Khulna","BGD","0.6.0","gbd2021",2021,"fusion","0.6.0"
"scenario","BGD.4_1",17940505.7763955,"low","YLLs",-35706.7423732458,"PM25","LRI.child",FALSE,"0-4","Khulna","BGD","0.6.0","gbd2021",2021,"fusion","0.6.0"
"scenario","BGD.4_1",17940505.7763955,"low","Deaths.child",-399.722633558477,"PM25","LRI.child",FALSE,"0-4","Khulna","BGD","0.6.0","gbd2021",2021,"fusion","0.6.0"
"scenario","BGD.4_1",17940505.7763955,"low","YLLs",-130660.452640552,"PM25","IHD",TRUE,"25+","Khulna","BGD","0.6.0","gbd2021",2021,"fusion","0.6.0"
"scenario","BGD.4_1",17940505.7763955,"low","Deaths",-5058.88106260707,"PM25","IHD",TRUE,"25+","Khulna","BGD","0.6.0","gbd2021",2021,"fusion","0.6.0"
"scenario","BGD.4_1",17940505.7763955,"low","YLLs",-95353.2106202775,"PM25","Stroke",TRUE,"25+","Khulna","BGD","0.6.0","gbd2021",2021,"fusion","0.6.0"
"scenario","BGD.4_1",17940505.7763955,"low","YLDs",-4994.04266298932,"PM25","Stroke",FALSE,"25+","Khulna","BGD","0.6.0","gbd2021",2021,"fusion","0.6.0"
"scenario","BGD.4_1",17940505.7763955,"low","Deaths",-4140.4252207352,"PM25","Stroke",TRUE,"25+","Khulna","BGD","0.6.0","gbd2021",2021,"fusion","0.6.0"
"scenario","BGD.4_1",17940505.7763955,"low","YLLs",-39638.082311081,"PM25","COPD",TRUE,"25+","Khulna","BGD","0.6.0","gbd2021",2021,"fusion","0.6.0"
"scenario","BGD.4_1",17940505.7763955,"low","YLDs",-10073.8603195193,"PM25","COPD",FALSE,"25+","Khulna","BGD","0.6.0","gbd2021",2021,"fusion","0.6.0"
"scenario","BGD.4_1",17940505.7763955,"low","Deaths",-2118.70653436726,"PM25","COPD",TRUE,"25+","Khulna","BGD","0.6.0","gbd2021",2021,"fusion","0.6.0"
"scenario","BGD.4_1",17940505.7763955,"low","YLLs",-4545.37496096411,"PM25","LC",TRUE,"25+","Khulna","BGD","0.6.0","gbd2021",2021,"fusion","0.6.0"
"scenario","BGD.4_1",17940505.7763955,"low","Deaths",-172.534616873297,"PM25","LC",TRUE,"25+","Khulna","BGD","0.6.0","gbd2021",2021,"fusion","0.6.0"
"scenario","BGD.4_1",17940505.7763955,"low","YLLs",-12290.4129831182,"PM25","LRI",TRUE,"25+","Khulna","BGD","0.6.0","gbd2021",2021,"fusion","0.6.0"
"scenario","BGD.4_1",17940505.7763955,"low","Deaths",-616.466901376099,"PM25","LRI",TRUE,"25+","Khulna","BGD","0.6.0","gbd2021",2021,"fusion","0.6.0"
"scenario","BGD.4_1",17940505.7763955,"low","YLDs",-19946.173706285,"PM25","Diabetes",FALSE,"25+","Khulna","BGD","0.6.0","gbd2021",2021,"fusion","0.6.0"
"scenario","BGD.4_1",17940505.7763955,"low","Deaths",-1230.83161821989,"PM25","Diabetes",TRUE,"25+","Khulna","BGD","0.6.0","gbd2021",2021,"fusion","0.6.0"
"scenario","BGD.4_1",17940505.7763955,"low","YLLs",-366486.536529329,"PM25","NCD.LRI",FALSE,"25+","Khulna","BGD","0.6.0","gbd2021",2021,"fusion","0.6.0"
"scenario","BGD.4_1",17940505.7763955,"low","Deaths",-16607.8140012191,"PM25","NCD.LRI",FALSE,"25+","Khulna","BGD","0.6.0","gbd2021",2021,"fusion","0.6.0"
"scenario","BGD.4_1",17940505.7763955,"low","exac",-12669.6684359446,"PM25","Asthma",FALSE,"0-18","Khulna","BGD","0.6.0","gbd2021",2021,"fusion","0.6.0"
"scenario","BGD.4_1",17940505.7763955,"low","exac",-18604.2556658814,"PM25","Asthma",FALSE,"25+","Khulna","BGD","0.6.0","gbd2021",2021,"fusion","0.6.0"
"scenario","BGD.4_1",17940505.7763955,"low","PTB",-28631.4062475998,"PM25","PTB",FALSE,"Newborn","Khulna","BGD","0.6.0","gbd2021",2021,"fusion","0.6.0"
"scenario","BGD.4_1",17940505.7763955,"low","LBW",-15046.8116282267,"PM25","LBW",FALSE,"Newborn","Khulna","BGD","0.6.0","gbd2021",2021,"fusion","0.6.0"
"scenario","BGD.4_1",17940505.7763955,"low","Absences",-17447665.6285363,"PM25","Absences",FALSE,"25+","Khulna","BGD","0.6.0","gbd2021",2021,"fusion","0.6.0"
"scenario","BGD.4_1",17940505.7763955,"high","YLLs",-104925.820462749,"PM25","LRI.child",FALSE,"0-4","Khulna","BGD","0.6.0","gbd2021",2021,"fusion","0.6.0"
"scenario","BGD.4_1",17940505.7763955,"high","Deaths.child",-1174.20816605692,"PM25","LRI.child",FALSE,"0-4","Khulna","BGD","0.6.0","gbd2021",2021,"fusion","0.6.0"
"scenario","BGD.4_1",17940505.7763955,"high","YLLs",-295791.864070221,"PM25","IHD",TRUE,"25+","Khulna","BGD","0.6.0","gbd2021",2021,"fusion","0.6.0"
"scenario","BGD.4_1",17940505.7763955,"high","Deaths",-11346.6583807332,"PM25","IHD",TRUE,"25+","Khulna","BGD","0.6.0","gbd2021",2021,"fusion","0.6.0"
"scenario","BGD.4_1",17940505.7763955,"high","YLLs",-261161.788374533,"PM25","Stroke",TRUE,"25+","Khulna","BGD","0.6.0","gbd2021",2021,"fusion","0.6.0"
"scenario","BGD.4_1",17940505.7763955,"high","YLDs",-15478.9154516093,"PM25","Stroke",FALSE,"25+","Khulna","BGD","0.6.0","gbd2021",2021,"fusion","0.6.0"
"scenario","BGD.4_1",17940505.7763955,"high","Deaths",-11288.9309551752,"PM25","Stroke",TRUE,"25+","Khulna","BGD","0.6.0","gbd2021",2021,"fusion","0.6.0"
"scenario","BGD.4_1",17940505.7763955,"high","YLLs",-104438.87575369,"PM25","COPD",TRUE,"25+","Khulna","BGD","0.6.0","gbd2021",2021,"fusion","0.6.0"
"scenario","BGD.4_1",17940505.7763955,"high","YLDs",-24269.7637211751,"PM25","COPD",FALSE,"25+","Khulna","BGD","0.6.0","gbd2021",2021,"fusion","0.6.0"
"scenario","BGD.4_1",17940505.7763955,"high","Deaths",-5410.18360034896,"PM25","COPD",TRUE,"25+","Khulna","BGD","0.6.0","gbd2021",2021,"fusion","0.6.0"
"scenario","BGD.4_1",17940505.7763955,"high","YLLs",-16259.7345044725,"PM25","LC",TRUE,"25+","Khulna","BGD","0.6.0","gbd2021",2021,"fusion","0.6.0"
"scenario","BGD.4_1",17940505.7763955,"high","Deaths",-599.945770329685,"PM25","LC",TRUE,"25+","Khulna","BGD","0.6.0","gbd2021",2021,"fusion","0.6.0"
"scenario","BGD.4_1",17940505.7763955,"high","YLLs",-35753.6075763386,"PM25","LRI",TRUE,"25+","Khulna","BGD","0.6.0","gbd2021",2021,"fusion","0.6.0"
"scenario","BGD.4_1",17940505.7763955,"high","Deaths",-1765.97799094733,"PM25","LRI",TRUE,"25+","Khulna","BGD","0.6.0","gbd2021",2021,"fusion","0.6.0"
"scenario","BGD.4_1",17940505.7763955,"high","YLDs",-72943.0061859712,"PM25","Diabetes",FALSE,"25+","Khulna","BGD","0.6.0","gbd2021",2021,"fusion","0.6.0"
"scenario","BGD.4_1",17940505.7763955,"high","Deaths",-3170.69779396189,"PM25","Diabetes",TRUE,"25+","Khulna","BGD","0.6.0","gbd2021",2021,"fusion","0.6.0"
"scenario","BGD.4_1",17940505.7763955,"high","YLLs",-893989.213681431,"PM25","NCD.LRI",FALSE,"25+","Khulna","BGD","0.6.0","gbd2021",2021,"fusion","0.6.0"
"scenario","BGD.4_1",17940505.7763955,"high","Deaths",-39270.7221827408,"PM25","NCD.LRI",FALSE,"25+","Khulna","BGD","0.6.0","gbd2021",2021,"fusion","0.6.0"
"scenario","BGD.4_1",17940505.7763955,"high","exac",-38017.4965075897,"PM25","Asthma",FALSE,"0-18","Khulna","BGD","0.6.0","gbd2021",2021,"fusion","0.6.0"
"scenario","BGD.4_1",17940505.7763955,"high","exac",-39827.9891501354,"PM25","Asthma",FALSE,"25+","Khulna","BGD","0.6.0","gbd2021",2021,"fusion","0.6.0"
"scenario","BGD.4_1",17940505.7763955,"high","PTB",-78710.411102141,"PM25","PTB",FALSE,"Newborn","Khulna","BGD","0.6.0","gbd2021",2021,"fusion","0.6.0"
"scenario","BGD.4_1",17940505.7763955,"high","LBW",-127602.59263129,"PM25","LBW",FALSE,"Newborn","Khulna","BGD","0.6.0","gbd2021",2021,"fusion","0.6.0"
"scenario","BGD.4_1",17940505.7763955,"high","Absences",-24560759.0401707,"PM25","Absences",FALSE,"25+","Khulna","BGD","0.6.0","gbd2021",2021,"fusion","0.6.0"
"scenario","BGD.5_1",22068629.6030552,"central","YLLs",-82587.7753700738,"PM25","LRI.child",FALSE,"0-4","Rajshahi","BGD","0.6.0","gbd2021",2021,"fusion","0.6.0"
"scenario","BGD.5_1",22068629.6030552,"central","Deaths.child",-924.28180074693,"PM25","LRI.child",FALSE,"0-4","Rajshahi","BGD","0.6.0","gbd2021",2021,"fusion","0.6.0"
"scenario","BGD.5_1",22068629.6030552,"central","YLLs",-254780.311214299,"PM25","IHD",TRUE,"25+","Rajshahi","BGD","0.6.0","gbd2021",2021,"fusion","0.6.0"
"scenario","BGD.5_1",22068629.6030552,"central","Deaths",-9792.24546070014,"PM25","IHD",TRUE,"25+","Rajshahi","BGD","0.6.0","gbd2021",2021,"fusion","0.6.0"
"scenario","BGD.5_1",22068629.6030552,"central","YLLs",-211848.8639801,"PM25","Stroke",TRUE,"25+","Rajshahi","BGD","0.6.0","gbd2021",2021,"fusion","0.6.0"
"scenario","BGD.5_1",22068629.6030552,"central","YLDs",-12258.6757676495,"PM25","Stroke",FALSE,"25+","Rajshahi","BGD","0.6.0","gbd2021",2021,"fusion","0.6.0"
"scenario","BGD.5_1",22068629.6030552,"central","Deaths",-9112.68750742841,"PM25","Stroke",TRUE,"25+","Rajshahi","BGD","0.6.0","gbd2021",2021,"fusion","0.6.0"
"scenario","BGD.5_1",22068629.6030552,"central","YLLs",-83460.9158635839,"PM25","COPD",TRUE,"25+","Rajshahi","BGD","0.6.0","gbd2021",2021,"fusion","0.6.0"
"scenario","BGD.5_1",22068629.6030552,"central","YLDs",-20897.2772767195,"PM25","COPD",FALSE,"25+","Rajshahi","BGD","0.6.0","gbd2021",2021,"fusion","0.6.0"
"scenario","BGD.5_1",22068629.6030552,"central","Deaths",-4357.02283894954,"PM25","COPD",TRUE,"25+","Rajshahi","BGD","0.6.0","gbd2021",2021,"fusion","0.6.0"
"scenario","BGD.5_1",22068629.6030552,"central","YLLs",-11200.0520494291,"PM25","LC",TRUE,"25+","Rajshahi","BGD","0.6.0","gbd2021",2021,"fusion","0.6.0"
"scenario","BGD.5_1",22068629.6030552,"central","Deaths",-424.13461408886,"PM25","LC",TRUE,"25+","Rajshahi","BGD","0.6.0","gbd2021",2021,"fusion","0.6.0"
"scenario","BGD.5_1",22068629.6030552,"central","YLLs",-28100.0617881772,"PM25","LRI",TRUE,"25+","Rajshahi","BGD","0.6.0","gbd2021",2021,"fusion","0.6.0"
"scenario","BGD.5_1",22068629.6030552,"central","Deaths",-1393.17286110618,"PM25","LRI",TRUE,"25+","Rajshahi","BGD","0.6.0","gbd2021",2021,"fusion","0.6.0"
"scenario","BGD.5_1",22068629.6030552,"central","YLDs",-52850.1300082176,"PM25","Diabetes",FALSE,"25+","Rajshahi","BGD","0.6.0","gbd2021",2021,"fusion","0.6.0"
"scenario","BGD.5_1",22068629.6030552,"central","Deaths",-2691.26467703842,"PM25","Diabetes",TRUE,"25+","Rajshahi","BGD","0.6.0","gbd2021",2021,"fusion","0.6.0"
"scenario","BGD.5_1",22068629.6030552,"central","YLLs",-744310.231377107,"PM25","NCD.LRI",FALSE,"25+","Rajshahi","BGD","0.6.0","gbd2021",2021,"fusion","0.6.0"
"scenario","BGD.5_1",22068629.6030552,"central","Deaths",-33171.6717692117,"PM25","NCD.LRI",FALSE,"25+","Rajshahi","BGD","0.6.0","gbd2021",2021,"fusion","0.6.0"
"scenario","BGD.5_1",22068629.6030552,"central","exac",-30773.7170781456,"PM25","Asthma",FALSE,"0-18","Rajshahi","BGD","0.6.0","gbd2021",2021,"fusion","0.6.0"
"scenario","BGD.5_1",22068629.6030552,"central","exac",-35714.2197874836,"PM25","Asthma",FALSE,"25+","Rajshahi","BGD","0.6.0","gbd2021",2021,"fusion","0.6.0"
"scenario","BGD.5_1",22068629.6030552,"central","PTB",-88934.5248111843,"PM25","PTB",FALSE,"Newborn","Rajshahi","BGD","0.6.0","gbd2021",2021,"fusion","0.6.0"
"scenario","BGD.5_1",22068629.6030552,"central","LBW",-72517.0308191958,"PM25","LBW",FALSE,"Newborn","Rajshahi","BGD","0.6.0","gbd2021",2021,"fusion","0.6.0"
"scenario","BGD.5_1",22068629.6030552,"central","Absences",-25764110.9702694,"PM25","Absences",FALSE,"25+","Rajshahi","BGD","0.6.0","gbd2021",2021,"fusion","0.6.0"
"scenario","BGD.5_1",22068629.6030552,"low","YLLs",-43922.8905577271,"PM25","LRI.child",FALSE,"0-4","Rajshahi","BGD","0.6.0","gbd2021",2021,"fusion","0.6.0"
"scenario","BGD.5_1",22068629.6030552,"low","Deaths.child",-491.699111156957,"PM25","LRI.child",FALSE,"0-4","Rajshahi","BGD","0.6.0","gbd2021",2021,"fusion","0.6.0"
"scenario","BGD.5_1",22068629.6030552,"low","YLLs",-160725.52073118,"PM25","IHD",TRUE,"25+","Rajshahi","BGD","0.6.0","gbd2021",2021,"fusion","0.6.0"
"scenario","BGD.5_1",22068629.6030552,"low","Deaths",-6222.93338705527,"PM25","IHD",TRUE,"25+","Rajshahi","BGD","0.6.0","gbd2021",2021,"fusion","0.6.0"
"scenario","BGD.5_1",22068629.6030552,"low","YLLs",-117294.055857091,"PM25","Stroke",TRUE,"25+","Rajshahi","BGD","0.6.0","gbd2021",2021,"fusion","0.6.0"
"scenario","BGD.5_1",22068629.6030552,"low","YLDs",-6143.17562308497,"PM25","Stroke",FALSE,"25+","Rajshahi","BGD","0.6.0","gbd2021",2021,"fusion","0.6.0"
"scenario","BGD.5_1",22068629.6030552,"low","Deaths",-5093.14016752942,"PM25","Stroke",TRUE,"25+","Rajshahi","BGD","0.6.0","gbd2021",2021,"fusion","0.6.0"
"scenario","BGD.5_1",22068629.6030552,"low","YLLs",-48758.8347620378,"PM25","COPD",TRUE,"25+","Rajshahi","BGD","0.6.0","gbd2021",2021,"fusion","0.6.0"
"scenario","BGD.5_1",22068629.6030552,"low","YLDs",-12391.8631300177,"PM25","COPD",FALSE,"25+","Rajshahi","BGD","0.6.0","gbd2021",2021,"fusion","0.6.0"
"scenario","BGD.5_1",22068629.6030552,"low","Deaths",-2606.22249602584,"PM25","COPD",TRUE,"25+","Rajshahi","BGD","0.6.0","gbd2021",2021,"fusion","0.6.0"
"scenario","BGD.5_1",22068629.6030552,"low","YLLs",-5591.26914651967,"PM25","LC",TRUE,"25+","Rajshahi","BGD","0.6.0","gbd2021",2021,"fusion","0.6.0"
"scenario","BGD.5_1",22068629.6030552,"low","Deaths",-212.234961541136,"PM25","LC",TRUE,"25+","Rajshahi","BGD","0.6.0","gbd2021",2021,"fusion","0.6.0"
"scenario","BGD.5_1",22068629.6030552,"low","YLLs",-15118.4462229534,"PM25","LRI",TRUE,"25+","Rajshahi","BGD","0.6.0","gbd2021",2021,"fusion","0.6.0"
"scenario","BGD.5_1",22068629.6030552,"low","Deaths",-758.31639746256,"PM25","LRI",TRUE,"25+","Rajshahi","BGD","0.6.0","gbd2021",2021,"fusion","0.6.0"
"scenario","BGD.5_1",22068629.6030552,"low","YLDs",-24535.8032269832,"PM25","Diabetes",FALSE,"25+","Rajshahi","BGD","0.6.0","gbd2021",2021,"fusion","0.6.0"
"scenario","BGD.5_1",22068629.6030552,"low","Deaths",-1514.04689615616,"PM25","Diabetes",TRUE,"25+","Rajshahi","BGD","0.6.0","gbd2021",2021,"fusion","0.6.0"
"scenario","BGD.5_1",22068629.6030552,"low","YLLs",-450815.363288895,"PM25","NCD.LRI",FALSE,"25+","Rajshahi","BGD","0.6.0","gbd2021",2021,"fusion","0.6.0"
"scenario","BGD.5_1",22068629.6030552,"low","Deaths",-20429.2844514762,"PM25","NCD.LRI",FALSE,"25+","Rajshahi","BGD","0.6.0","gbd2021",2021,"fusion","0.6.0"
"scenario","BGD.5_1",22068629.6030552,"low","exac",-15584.96863975,"PM25","Asthma",FALSE,"0-18","Rajshahi","BGD","0.6.0","gbd2021",2021,"fusion","0.6.0"
"scenario","BGD.5_1",22068629.6030552,"low","exac",-22885.108839633,"PM25","Asthma",FALSE,"25+","Rajshahi","BGD","0.6.0","gbd2021",2021,"fusion","0.6.0"
"scenario","BGD.5_1",22068629.6030552,"low","PTB",-35219.5142861711,"PM25","PTB",FALSE,"Newborn","Rajshahi","BGD","0.6.0","gbd2021",2021,"fusion","0.6.0"
"scenario","BGD.5_1",22068629.6030552,"low","LBW",-18509.0942623915,"PM25","LBW",FALSE,"Newborn","Rajshahi","BGD","0.6.0","gbd2021",2021,"fusion","0.6.0"
"scenario","BGD.5_1",22068629.6030552,"low","Absences",-21462386.5677596,"PM25","Absences",FALSE,"25+","Rajshahi","BGD","0.6.0","gbd2021",2021,"fusion","0.6.0"
"scenario","BGD.5_1",22068629.6030552,"high","YLLs",-129069.330399575,"PM25","LRI.child",FALSE,"0-4","Rajshahi","BGD","0.6.0","gbd2021",2021,"fusion","0.6.0"
"scenario","BGD.5_1",22068629.6030552,"high","Deaths.child",-1444.39434520776,"PM25","LRI.child",FALSE,"0-4","Rajshahi","BGD","0.6.0","gbd2021",2021,"fusion","0.6.0"
"scenario","BGD.5_1",22068629.6030552,"high","YLLs",-363853.793706957,"PM25","IHD",TRUE,"25+","Rajshahi","BGD","0.6.0","gbd2021",2021,"fusion","0.6.0"
"scenario","BGD.5_1",22068629.6030552,"high","Deaths",-13957.5329791574,"PM25","IHD",TRUE,"25+","Rajshahi","BGD","0.6.0","gbd2021",2021,"fusion","0.6.0"
"scenario","BGD.5_1",22068629.6030552,"high","YLLs",-321255.311636313,"PM25","Stroke",TRUE,"25+","Rajshahi","BGD","0.6.0","gbd2021",2021,"fusion","0.6.0"
"scenario","BGD.5_1",22068629.6030552,"high","YLDs",-19040.6254994229,"PM25","Stroke",FALSE,"25+","Rajshahi","BGD","0.6.0","gbd2021",2021,"fusion","0.6.0"
"scenario","BGD.5_1",22068629.6030552,"high","Deaths",-13886.522429708,"PM25","Stroke",TRUE,"25+","Rajshahi","BGD","0.6.0","gbd2021",2021,"fusion","0.6.0"
"scenario","BGD.5_1",22068629.6030552,"high","YLLs",-128470.339347969,"PM25","COPD",TRUE,"25+","Rajshahi","BGD","0.6.0","gbd2021",2021,"fusion","0.6.0"
"scenario","BGD.5_1",22068629.6030552,"high","YLDs",-29854.2545450968,"PM25","COPD",FALSE,"25+","Rajshahi","BGD","0.6.0","gbd2021",2021,"fusion","0.6.0"
"scenario","BGD.5_1",22068629.6030552,"high","Deaths",-6655.07090205432,"PM25","COPD",TRUE,"25+","Rajshahi","BGD","0.6.0","gbd2021",2021,"fusion","0.6.0"
"scenario","BGD.5_1",22068629.6030552,"high","YLLs",-20001.1116016218,"PM25","LC",TRUE,"25+","Rajshahi","BGD","0.6.0","gbd2021",2021,"fusion","0.6.0"
"scenario","BGD.5_1",22068629.6030552,"high","Deaths",-737.993741778766,"PM25","LC",TRUE,"25+","Rajshahi","BGD","0.6.0","gbd2021",2021,"fusion","0.6.0"
"scenario","BGD.5_1",22068629.6030552,"high","YLLs",-43980.5394791791,"PM25","LRI",TRUE,"25+","Rajshahi","BGD","0.6.0","gbd2021",2021,"fusion","0.6.0"
"scenario","BGD.5_1",22068629.6030552,"high","Deaths",-2172.33085037329,"PM25","LRI",TRUE,"25+","Rajshahi","BGD","0.6.0","gbd2021",2021,"fusion","0.6.0"
"scenario","BGD.5_1",22068629.6030552,"high","YLDs",-89727.2465846273,"PM25","Diabetes",FALSE,"25+","Rajshahi","BGD","0.6.0","gbd2021",2021,"fusion","0.6.0"
"scenario","BGD.5_1",22068629.6030552,"high","Deaths",-3900.2777329853,"PM25","Diabetes",TRUE,"25+","Rajshahi","BGD","0.6.0","gbd2021",2021,"fusion","0.6.0"
"scenario","BGD.5_1",22068629.6030552,"high","YLLs",-1099696.80184936,"PM25","NCD.LRI",FALSE,"25+","Rajshahi","BGD","0.6.0","gbd2021",2021,"fusion","0.6.0"
"scenario","BGD.5_1",22068629.6030552,"high","Deaths",-48306.944792808,"PM25","NCD.LRI",FALSE,"25+","Rajshahi","BGD","0.6.0","gbd2021",2021,"fusion","0.6.0"
"scenario","BGD.5_1",22068629.6030552,"high","exac",-46765.3509504348,"PM25","Asthma",FALSE,"0-18","Rajshahi","BGD","0.6.0","gbd2021",2021,"fusion","0.6.0"
"scenario","BGD.5_1",22068629.6030552,"high","exac",-48992.4393071056,"PM25","Asthma",FALSE,"25+","Rajshahi","BGD","0.6.0","gbd2021",2021,"fusion","0.6.0"
"scenario","BGD.5_1",22068629.6030552,"high","PTB",-96821.7356950347,"PM25","PTB",FALSE,"Newborn","Rajshahi","BGD","0.6.0","gbd2021",2021,"fusion","0.6.0"
"scenario","BGD.5_1",22068629.6030552,"high","LBW",-156964.044841734,"PM25","LBW",FALSE,"Newborn","Rajshahi","BGD","0.6.0","gbd2021",2021,"fusion","0.6.0"
"scenario","BGD.5_1",22068629.6030552,"high","Absences",-30212208.1051113,"PM25","Absences",FALSE,"25+","Rajshahi","BGD","0.6.0","gbd2021",2021,"fusion","0.6.0"
"scenario","BGD.6_1",18486525.7827126,"central","YLLs",-69182.4126000283,"PM25","LRI.child",FALSE,"0-4","Rangpur","BGD","0.6.0","gbd2021",2021,"fusion","0.6.0"
"scenario","BGD.6_1",18486525.7827126,"central","Deaths.child",-774.255567624138,"PM25","LRI.child",FALSE,"0-4","Rangpur","BGD","0.6.0","gbd2021",2021,"fusion","0.6.0"
"scenario","BGD.6_1",18486525.7827126,"central","YLLs",-213425.250090689,"PM25","IHD",TRUE,"25+","Rangpur","BGD","0.6.0","gbd2021",2021,"fusion","0.6.0"
"scenario","BGD.6_1",18486525.7827126,"central","Deaths",-8202.80196079005,"PM25","IHD",TRUE,"25+","Rangpur","BGD","0.6.0","gbd2021",2021,"fusion","0.6.0"
"scenario","BGD.6_1",18486525.7827126,"central","YLLs",-177462.287257948,"PM25","Stroke",TRUE,"25+","Rangpur","BGD","0.6.0","gbd2021",2021,"fusion","0.6.0"
"scenario","BGD.6_1",18486525.7827126,"central","YLDs",-10268.8898095058,"PM25","Stroke",FALSE,"25+","Rangpur","BGD","0.6.0","gbd2021",2021,"fusion","0.6.0"
"scenario","BGD.6_1",18486525.7827126,"central","Deaths",-7633.54751001661,"PM25","Stroke",TRUE,"25+","Rangpur","BGD","0.6.0","gbd2021",2021,"fusion","0.6.0"
"scenario","BGD.6_1",18486525.7827126,"central","YLLs",-69913.8279409695,"PM25","COPD",TRUE,"25+","Rangpur","BGD","0.6.0","gbd2021",2021,"fusion","0.6.0"
"scenario","BGD.6_1",18486525.7827126,"central","YLDs",-17505.3033248198,"PM25","COPD",FALSE,"25+","Rangpur","BGD","0.6.0","gbd2021",2021,"fusion","0.6.0"
"scenario","BGD.6_1",18486525.7827126,"central","Deaths",-3649.80592347063,"PM25","COPD",TRUE,"25+","Rangpur","BGD","0.6.0","gbd2021",2021,"fusion","0.6.0"
"scenario","BGD.6_1",18486525.7827126,"central","YLLs",-9382.09824097259,"PM25","LC",TRUE,"25+","Rangpur","BGD","0.6.0","gbd2021",2021,"fusion","0.6.0"
"scenario","BGD.6_1",18486525.7827126,"central","Deaths",-355.290546795408,"PM25","LC",TRUE,"25+","Rangpur","BGD","0.6.0","gbd2021",2021,"fusion","0.6.0"
"scenario","BGD.6_1",18486525.7827126,"central","YLLs",-23538.9567040014,"PM25","LRI",TRUE,"25+","Rangpur","BGD","0.6.0","gbd2021",2021,"fusion","0.6.0"
"scenario","BGD.6_1",18486525.7827126,"central","Deaths",-1167.03784874117,"PM25","LRI",TRUE,"25+","Rangpur","BGD","0.6.0","gbd2021",2021,"fusion","0.6.0"
"scenario","BGD.6_1",18486525.7827126,"central","YLDs",-44271.6792383603,"PM25","Diabetes",FALSE,"25+","Rangpur","BGD","0.6.0","gbd2021",2021,"fusion","0.6.0"
"scenario","BGD.6_1",18486525.7827126,"central","Deaths",-2254.4278795312,"PM25","Diabetes",TRUE,"25+","Rangpur","BGD","0.6.0","gbd2021",2021,"fusion","0.6.0"
"scenario","BGD.6_1",18486525.7827126,"central","YLLs",-623496.362492074,"PM25","NCD.LRI",FALSE,"25+","Rangpur","BGD","0.6.0","gbd2021",2021,"fusion","0.6.0"
"scenario","BGD.6_1",18486525.7827126,"central","Deaths",-27787.3604499811,"PM25","NCD.LRI",FALSE,"25+","Rangpur","BGD","0.6.0","gbd2021",2021,"fusion","0.6.0"
"scenario","BGD.6_1",18486525.7827126,"central","exac",-25778.6334914199,"PM25","Asthma",FALSE,"0-18","Rangpur","BGD","0.6.0","gbd2021",2021,"fusion","0.6.0"
"scenario","BGD.6_1",18486525.7827126,"central","exac",-29917.2108457246,"PM25","Asthma",FALSE,"25+","Rangpur","BGD","0.6.0","gbd2021",2021,"fusion","0.6.0"
"scenario","BGD.6_1",18486525.7827126,"central","PTB",-74498.979568158,"PM25","PTB",FALSE,"Newborn","Rangpur","BGD","0.6.0","gbd2021",2021,"fusion","0.6.0"
"scenario","BGD.6_1",18486525.7827126,"central","LBW",-60746.3165605559,"PM25","LBW",FALSE,"Newborn","Rangpur","BGD","0.6.0","gbd2021",2021,"fusion","0.6.0"
"scenario","BGD.6_1",18486525.7827126,"central","Absences",-21582169.3638213,"PM25","Absences",FALSE,"25+","Rangpur","BGD","0.6.0","gbd2021",2021,"fusion","0.6.0"
"scenario","BGD.6_1",18486525.7827126,"low","YLLs",-36793.4784964758,"PM25","LRI.child",FALSE,"0-4","Rangpur","BGD","0.6.0","gbd2021",2021,"fusion","0.6.0"
"scenario","BGD.6_1",18486525.7827126,"low","Deaths.child",-411.888207797086,"PM25","LRI.child",FALSE,"0-4","Rangpur","BGD","0.6.0","gbd2021",2021,"fusion","0.6.0"
"scenario","BGD.6_1",18486525.7827126,"low","YLLs",-134637.108709532,"PM25","IHD",TRUE,"25+","Rangpur","BGD","0.6.0","gbd2021",2021,"fusion","0.6.0"
"scenario","BGD.6_1",18486525.7827126,"low","Deaths",-5212.84830880372,"PM25","IHD",TRUE,"25+","Rangpur","BGD","0.6.0","gbd2021",2021,"fusion","0.6.0"
"scenario","BGD.6_1",18486525.7827126,"low","YLLs",-98255.2893751465,"PM25","Stroke",TRUE,"25+","Rangpur","BGD","0.6.0","gbd2021",2021,"fusion","0.6.0"
"scenario","BGD.6_1",18486525.7827126,"low","YLDs",-5146.03654991669,"PM25","Stroke",FALSE,"25+","Rangpur","BGD","0.6.0","gbd2021",2021,"fusion","0.6.0"
"scenario","BGD.6_1",18486525.7827126,"low","Deaths",-4266.439226882,"PM25","Stroke",TRUE,"25+","Rangpur","BGD","0.6.0","gbd2021",2021,"fusion","0.6.0"
"scenario","BGD.6_1",18486525.7827126,"low","YLLs",-40844.4689215626,"PM25","COPD",TRUE,"25+","Rangpur","BGD","0.6.0","gbd2021",2021,"fusion","0.6.0"
"scenario","BGD.6_1",18486525.7827126,"low","YLDs",-10380.4586587112,"PM25","COPD",FALSE,"25+","Rangpur","BGD","0.6.0","gbd2021",2021,"fusion","0.6.0"
"scenario","BGD.6_1",18486525.7827126,"low","Deaths",-2183.18945194489,"PM25","COPD",TRUE,"25+","Rangpur","BGD","0.6.0","gbd2021",2021,"fusion","0.6.0"
"scenario","BGD.6_1",18486525.7827126,"low","YLLs",-4683.7136285487,"PM25","LC",TRUE,"25+","Rangpur","BGD","0.6.0","gbd2021",2021,"fusion","0.6.0"
"scenario","BGD.6_1",18486525.7827126,"low","Deaths",-177.78571479491,"PM25","LC",TRUE,"25+","Rangpur","BGD","0.6.0","gbd2021",2021,"fusion","0.6.0"
"scenario","BGD.6_1",18486525.7827126,"low","YLLs",-12664.4721907197,"PM25","LRI",TRUE,"25+","Rangpur","BGD","0.6.0","gbd2021",2021,"fusion","0.6.0"
"scenario","BGD.6_1",18486525.7827126,"low","Deaths",-635.229096019848,"PM25","LRI",TRUE,"25+","Rangpur","BGD","0.6.0","gbd2021",2021,"fusion","0.6.0"
"scenario","BGD.6_1",18486525.7827126,"low","YLDs",-20553.2362957602,"PM25","Diabetes",FALSE,"25+","Rangpur","BGD","0.6.0","gbd2021",2021,"fusion","0.6.0"
"scenario","BGD.6_1",18486525.7827126,"low","Deaths",-1268.29202743758,"PM25","Diabetes",TRUE,"25+","Rangpur","BGD","0.6.0","gbd2021",2021,"fusion","0.6.0"
"scenario","BGD.6_1",18486525.7827126,"low","YLLs",-377640.56883394,"PM25","NCD.LRI",FALSE,"25+","Rangpur","BGD","0.6.0","gbd2021",2021,"fusion","0.6.0"
"scenario","BGD.6_1",18486525.7827126,"low","Deaths",-17113.2734803936,"PM25","NCD.LRI",FALSE,"25+","Rangpur","BGD","0.6.0","gbd2021",2021,"fusion","0.6.0"
"scenario","BGD.6_1",18486525.7827126,"low","exac",-13055.2702983256,"PM25","Asthma",FALSE,"0-18","Rangpur","BGD","0.6.0","gbd2021",2021,"fusion","0.6.0"
"scenario","BGD.6_1",18486525.7827126,"low","exac",-19170.476926465,"PM25","Asthma",FALSE,"25+","Rangpur","BGD","0.6.0","gbd2021",2021,"fusion","0.6.0"
"scenario","BGD.6_1",18486525.7827126,"low","PTB",-29502.804234649,"PM25","PTB",FALSE,"Newborn","Rangpur","BGD","0.6.0","gbd2021",2021,"fusion","0.6.0"
"scenario","BGD.6_1",18486525.7827126,"low","LBW",-15504.7619381401,"PM25","LBW",FALSE,"Newborn","Rangpur","BGD","0.6.0","gbd2021",2021,"fusion","0.6.0"
"scenario","BGD.6_1",18486525.7827126,"low","Absences",-17978686.0253671,"PM25","Absences",FALSE,"25+","Rangpur","BGD","0.6.0","gbd2021",2021,"fusion","0.6.0"
"scenario","BGD.6_1",18486525.7827126,"high","YLLs",-108119.24197862,"PM25","LRI.child",FALSE,"0-4","Rangpur","BGD","0.6.0","gbd2021",2021,"fusion","0.6.0"
"scenario","BGD.6_1",18486525.7827126,"high","Deaths.child",-1209.94523825764,"PM25","LRI.child",FALSE,"0-4","Rangpur","BGD","0.6.0","gbd2021",2021,"fusion","0.6.0"
"scenario","BGD.6_1",18486525.7827126,"high","YLLs",-304794.301208911,"PM25","IHD",TRUE,"25+","Rangpur","BGD","0.6.0","gbd2021",2021,"fusion","0.6.0"
"scenario","BGD.6_1",18486525.7827126,"high","Deaths",-11691.9943795033,"PM25","IHD",TRUE,"25+","Rangpur","BGD","0.6.0","gbd2021",2021,"fusion","0.6.0"
"scenario","BGD.6_1",18486525.7827126,"high","YLLs",-269110.257783114,"PM25","Stroke",TRUE,"25+","Rangpur","BGD","0.6.0","gbd2021",2021,"fusion","0.6.0"
"scenario","BGD.6_1",18486525.7827126,"high","YLDs",-15950.0168585608,"PM25","Stroke",FALSE,"25+","Rangpur","BGD","0.6.0","gbd2021",2021,"fusion","0.6.0"
"scenario","BGD.6_1",18486525.7827126,"high","Deaths",-11632.5100174542,"PM25","Stroke",TRUE,"25+","Rangpur","BGD","0.6.0","gbd2021",2021,"fusion","0.6.0"
"scenario","BGD.6_1",18486525.7827126,"high","YLLs",-107617.477087986,"PM25","COPD",TRUE,"25+","Rangpur","BGD","0.6.0","gbd2021",2021,"fusion","0.6.0"
"scenario","BGD.6_1",18486525.7827126,"high","YLDs",-25008.4149445866,"PM25","COPD",FALSE,"25+","Rangpur","BGD","0.6.0","gbd2021",2021,"fusion","0.6.0"
"scenario","BGD.6_1",18486525.7827126,"high","Deaths",-5574.84275324347,"PM25","COPD",TRUE,"25+","Rangpur","BGD","0.6.0","gbd2021",2021,"fusion","0.6.0"
"scenario","BGD.6_1",18486525.7827126,"high","YLLs",-16754.60017033,"PM25","LC",TRUE,"25+","Rangpur","BGD","0.6.0","gbd2021",2021,"fusion","0.6.0"
"scenario","BGD.6_1",18486525.7827126,"high","Deaths",-618.205143693433,"PM25","LC",TRUE,"25+","Rangpur","BGD","0.6.0","gbd2021",2021,"fusion","0.6.0"
"scenario","BGD.6_1",18486525.7827126,"high","YLLs",-36841.7700438869,"PM25","LRI",TRUE,"25+","Rangpur","BGD","0.6.0","gbd2021",2021,"fusion","0.6.0"
"scenario","BGD.6_1",18486525.7827126,"high","Deaths",-1819.72560128741,"PM25","LRI",TRUE,"25+","Rangpur","BGD","0.6.0","gbd2021",2021,"fusion","0.6.0"
"scenario","BGD.6_1",18486525.7827126,"high","YLDs",-75163.0294782285,"PM25","Diabetes",FALSE,"25+","Rangpur","BGD","0.6.0","gbd2021",2021,"fusion","0.6.0"
"scenario","BGD.6_1",18486525.7827126,"high","Deaths",-3267.19810733475,"PM25","Diabetes",TRUE,"25+","Rangpur","BGD","0.6.0","gbd2021",2021,"fusion","0.6.0"
"scenario","BGD.6_1",18486525.7827126,"high","YLLs",-921197.810929805,"PM25","NCD.LRI",FALSE,"25+","Rangpur","BGD","0.6.0","gbd2021",2021,"fusion","0.6.0"
"scenario","BGD.6_1",18486525.7827126,"high","Deaths",-40465.9281731161,"PM25","NCD.LRI",FALSE,"25+","Rangpur","BGD","0.6.0","gbd2021",2021,"fusion","0.6.0"
"scenario","BGD.6_1",18486525.7827126,"high","exac",-39174.560524735,"PM25","Asthma",FALSE,"0-18","Rangpur","BGD","0.6.0","gbd2021",2021,"fusion","0.6.0"
"scenario","BGD.6_1",18486525.7827126,"high","exac",-41040.1555828112,"PM25","Asthma",FALSE,"25+","Rangpur","BGD","0.6.0","gbd2021",2021,"fusion","0.6.0"
"scenario","BGD.6_1",18486525.7827126,"high","PTB",-81105.9655922384,"PM25","PTB",FALSE,"Newborn","Rangpur","BGD","0.6.0","gbd2021",2021,"fusion","0.6.0"
"scenario","BGD.6_1",18486525.7827126,"high","LBW",-131486.182609359,"PM25","LBW",FALSE,"Newborn","Rangpur","BGD","0.6.0","gbd2021",2021,"fusion","0.6.0"
"scenario","BGD.6_1",18486525.7827126,"high","Absences",-25308266.7176817,"PM25","Absences",FALSE,"25+","Rangpur","BGD","0.6.0","gbd2021",2021,"fusion","0.6.0"
"scenario","BGD.7_1",10194709.9804817,"central","YLLs",-38151.8215211022,"PM25","LRI.child",FALSE,"0-4","Sylhet","BGD","0.6.0","gbd2021",2021,"fusion","0.6.0"
"scenario","BGD.7_1",10194709.9804817,"central","Deaths.child",-426.976439785272,"PM25","LRI.child",FALSE,"0-4","Sylhet","BGD","0.6.0","gbd2021",2021,"fusion","0.6.0"
"scenario","BGD.7_1",10194709.9804817,"central","YLLs",-117696.994706329,"PM25","IHD",TRUE,"25+","Sylhet","BGD","0.6.0","gbd2021",2021,"fusion","0.6.0"
"scenario","BGD.7_1",10194709.9804817,"central","Deaths",-4523.57506220994,"PM25","IHD",TRUE,"25+","Sylhet","BGD","0.6.0","gbd2021",2021,"fusion","0.6.0"
"scenario","BGD.7_1",10194709.9804817,"central","YLLs",-97864.6054067953,"PM25","Stroke",TRUE,"25+","Sylhet","BGD","0.6.0","gbd2021",2021,"fusion","0.6.0"
"scenario","BGD.7_1",10194709.9804817,"central","YLDs",-5662.95444909034,"PM25","Stroke",FALSE,"25+","Sylhet","BGD","0.6.0","gbd2021",2021,"fusion","0.6.0"
"scenario","BGD.7_1",10194709.9804817,"central","Deaths",-4209.6499851596,"PM25","Stroke",TRUE,"25+","Sylhet","BGD","0.6.0","gbd2021",2021,"fusion","0.6.0"
"scenario","BGD.7_1",10194709.9804817,"central","YLLs",-38555.1729871277,"PM25","COPD",TRUE,"25+","Sylhet","BGD","0.6.0","gbd2021",2021,"fusion","0.6.0"
"scenario","BGD.7_1",10194709.9804817,"central","YLDs",-9653.59811867868,"PM25","COPD",FALSE,"25+","Sylhet","BGD","0.6.0","gbd2021",2021,"fusion","0.6.0"
"scenario","BGD.7_1",10194709.9804817,"central","Deaths",-2012.74773379119,"PM25","COPD",TRUE,"25+","Sylhet","BGD","0.6.0","gbd2021",2021,"fusion","0.6.0"
"scenario","BGD.7_1",10194709.9804817,"central","YLLs",-5173.91811199845,"PM25","LC",TRUE,"25+","Sylhet","BGD","0.6.0","gbd2021",2021,"fusion","0.6.0"
"scenario","BGD.7_1",10194709.9804817,"central","Deaths",-195.931032469773,"PM25","LC",TRUE,"25+","Sylhet","BGD","0.6.0","gbd2021",2021,"fusion","0.6.0"
"scenario","BGD.7_1",10194709.9804817,"central","YLLs",-12980.9591948756,"PM25","LRI",TRUE,"25+","Sylhet","BGD","0.6.0","gbd2021",2021,"fusion","0.6.0"
"scenario","BGD.7_1",10194709.9804817,"central","Deaths",-643.582928669445,"PM25","LRI",TRUE,"25+","Sylhet","BGD","0.6.0","gbd2021",2021,"fusion","0.6.0"
"scenario","BGD.7_1",10194709.9804817,"central","YLDs",-24414.372689002,"PM25","Diabetes",FALSE,"25+","Sylhet","BGD","0.6.0","gbd2021",2021,"fusion","0.6.0"
"scenario","BGD.7_1",10194709.9804817,"central","Deaths",-1243.24270952117,"PM25","Diabetes",TRUE,"25+","Sylhet","BGD","0.6.0","gbd2021",2021,"fusion","0.6.0"
"scenario","BGD.7_1",10194709.9804817,"central","YLLs",-343837.704509952,"PM25","NCD.LRI",FALSE,"25+","Sylhet","BGD","0.6.0","gbd2021",2021,"fusion","0.6.0"
"scenario","BGD.7_1",10194709.9804817,"central","Deaths",-15323.8139085913,"PM25","NCD.LRI",FALSE,"25+","Sylhet","BGD","0.6.0","gbd2021",2021,"fusion","0.6.0"
"scenario","BGD.7_1",10194709.9804817,"central","exac",-14216.0671630316,"PM25","Asthma",FALSE,"0-18","Sylhet","BGD","0.6.0","gbd2021",2021,"fusion","0.6.0"
"scenario","BGD.7_1",10194709.9804817,"central","exac",-16498.3562396725,"PM25","Asthma",FALSE,"25+","Sylhet","BGD","0.6.0","gbd2021",2021,"fusion","0.6.0"
"scenario","BGD.7_1",10194709.9804817,"central","PTB",-41083.7330640803,"PM25","PTB",FALSE,"Newborn","Sylhet","BGD","0.6.0","gbd2021",2021,"fusion","0.6.0"
"scenario","BGD.7_1",10194709.9804817,"central","LBW",-33499.5924597428,"PM25","LBW",FALSE,"Newborn","Sylhet","BGD","0.6.0","gbd2021",2021,"fusion","0.6.0"
"scenario","BGD.7_1",10194709.9804817,"central","Absences",-11901855.4378424,"PM25","Absences",FALSE,"25+","Sylhet","BGD","0.6.0","gbd2021",2021,"fusion","0.6.0"
"scenario","BGD.7_1",10194709.9804817,"low","YLLs",-20290.391328988,"PM25","LRI.child",FALSE,"0-4","Sylhet","BGD","0.6.0","gbd2021",2021,"fusion","0.6.0"
"scenario","BGD.7_1",10194709.9804817,"low","Deaths.child",-227.142778055054,"PM25","LRI.child",FALSE,"0-4","Sylhet","BGD","0.6.0","gbd2021",2021,"fusion","0.6.0"
"scenario","BGD.7_1",10194709.9804817,"low","YLLs",-74247.9301972352,"PM25","IHD",TRUE,"25+","Sylhet","BGD","0.6.0","gbd2021",2021,"fusion","0.6.0"
"scenario","BGD.7_1",10194709.9804817,"low","Deaths",-2874.71411909069,"PM25","IHD",TRUE,"25+","Sylhet","BGD","0.6.0","gbd2021",2021,"fusion","0.6.0"
"scenario","BGD.7_1",10194709.9804817,"low","YLLs",-54184.555335142,"PM25","Stroke",TRUE,"25+","Sylhet","BGD","0.6.0","gbd2021",2021,"fusion","0.6.0"
"scenario","BGD.7_1",10194709.9804817,"low","YLDs",-2837.8696349975,"PM25","Stroke",FALSE,"25+","Sylhet","BGD","0.6.0","gbd2021",2021,"fusion","0.6.0"
"scenario","BGD.7_1",10194709.9804817,"low","Deaths",-2352.80068730308,"PM25","Stroke",TRUE,"25+","Sylhet","BGD","0.6.0","gbd2021",2021,"fusion","0.6.0"
"scenario","BGD.7_1",10194709.9804817,"low","YLLs",-22524.3790994794,"PM25","COPD",TRUE,"25+","Sylhet","BGD","0.6.0","gbd2021",2021,"fusion","0.6.0"
"scenario","BGD.7_1",10194709.9804817,"low","YLDs",-5724.48099409246,"PM25","COPD",FALSE,"25+","Sylhet","BGD","0.6.0","gbd2021",2021,"fusion","0.6.0"
"scenario","BGD.7_1",10194709.9804817,"low","Deaths",-1203.95706346499,"PM25","COPD",TRUE,"25+","Sylhet","BGD","0.6.0","gbd2021",2021,"fusion","0.6.0"
"scenario","BGD.7_1",10194709.9804817,"low","YLLs",-2582.9137738436,"PM25","LC",TRUE,"25+","Sylhet","BGD","0.6.0","gbd2021",2021,"fusion","0.6.0"
"scenario","BGD.7_1",10194709.9804817,"low","Deaths",-98.0429650389821,"PM25","LC",TRUE,"25+","Sylhet","BGD","0.6.0","gbd2021",2021,"fusion","0.6.0"
"scenario","BGD.7_1",10194709.9804817,"low","YLLs",-6984.03921633566,"PM25","LRI",TRUE,"25+","Sylhet","BGD","0.6.0","gbd2021",2021,"fusion","0.6.0"
"scenario","BGD.7_1",10194709.9804817,"low","Deaths",-350.307920547294,"PM25","LRI",TRUE,"25+","Sylhet","BGD","0.6.0","gbd2021",2021,"fusion","0.6.0"
"scenario","BGD.7_1",10194709.9804817,"low","YLDs",-11334.432746229,"PM25","Diabetes",FALSE,"25+","Sylhet","BGD","0.6.0","gbd2021",2021,"fusion","0.6.0"
"scenario","BGD.7_1",10194709.9804817,"low","Deaths",-699.421272674953,"PM25","Diabetes",TRUE,"25+","Sylhet","BGD","0.6.0","gbd2021",2021,"fusion","0.6.0"
"scenario","BGD.7_1",10194709.9804817,"low","YLLs",-208256.333362884,"PM25","NCD.LRI",FALSE,"25+","Sylhet","BGD","0.6.0","gbd2021",2021,"fusion","0.6.0"
"scenario","BGD.7_1",10194709.9804817,"low","Deaths",-9437.4065738425,"PM25","NCD.LRI",FALSE,"25+","Sylhet","BGD","0.6.0","gbd2021",2021,"fusion","0.6.0"
"scenario","BGD.7_1",10194709.9804817,"low","exac",-7199.55149889153,"PM25","Asthma",FALSE,"0-18","Sylhet","BGD","0.6.0","gbd2021",2021,"fusion","0.6.0"
"scenario","BGD.7_1",10194709.9804817,"low","exac",-10571.8865053371,"PM25","Asthma",FALSE,"25+","Sylhet","BGD","0.6.0","gbd2021",2021,"fusion","0.6.0"
"scenario","BGD.7_1",10194709.9804817,"low","PTB",-16269.8246451714,"PM25","PTB",FALSE,"Newborn","Sylhet","BGD","0.6.0","gbd2021",2021,"fusion","0.6.0"
"scenario","BGD.7_1",10194709.9804817,"low","LBW",-8550.36544636005,"PM25","LBW",FALSE,"Newborn","Sylhet","BGD","0.6.0","gbd2021",2021,"fusion","0.6.0"
"scenario","BGD.7_1",10194709.9804817,"low","Absences",-9914653.08371529,"PM25","Absences",FALSE,"25+","Sylhet","BGD","0.6.0","gbd2021",2021,"fusion","0.6.0"
"scenario","BGD.7_1",10194709.9804817,"high","YLLs",-59624.2002546681,"PM25","LRI.child",FALSE,"0-4","Sylhet","BGD","0.6.0","gbd2021",2021,"fusion","0.6.0"
"scenario","BGD.7_1",10194709.9804817,"high","Deaths.child",-667.244940519667,"PM25","LRI.child",FALSE,"0-4","Sylhet","BGD","0.6.0","gbd2021",2021,"fusion","0.6.0"
"scenario","BGD.7_1",10194709.9804817,"high","YLLs",-168084.016491307,"PM25","IHD",TRUE,"25+","Sylhet","BGD","0.6.0","gbd2021",2021,"fusion","0.6.0"
"scenario","BGD.7_1",10194709.9804817,"high","Deaths",-6447.74973910574,"PM25","IHD",TRUE,"25+","Sylhet","BGD","0.6.0","gbd2021",2021,"fusion","0.6.0"
"scenario","BGD.7_1",10194709.9804817,"high","YLLs",-148405.442056454,"PM25","Stroke",TRUE,"25+","Sylhet","BGD","0.6.0","gbd2021",2021,"fusion","0.6.0"
"scenario","BGD.7_1",10194709.9804817,"high","YLDs",-8795.90886725073,"PM25","Stroke",FALSE,"25+","Sylhet","BGD","0.6.0","gbd2021",2021,"fusion","0.6.0"
"scenario","BGD.7_1",10194709.9804817,"high","Deaths",-6414.94607298723,"PM25","Stroke",TRUE,"25+","Sylhet","BGD","0.6.0","gbd2021",2021,"fusion","0.6.0"
"scenario","BGD.7_1",10194709.9804817,"high","YLLs",-59347.4934467753,"PM25","COPD",TRUE,"25+","Sylhet","BGD","0.6.0","gbd2021",2021,"fusion","0.6.0"
"scenario","BGD.7_1",10194709.9804817,"high","YLDs",-13791.3170072241,"PM25","COPD",FALSE,"25+","Sylhet","BGD","0.6.0","gbd2021",2021,"fusion","0.6.0"
"scenario","BGD.7_1",10194709.9804817,"high","Deaths",-3074.34213026961,"PM25","COPD",TRUE,"25+","Sylhet","BGD","0.6.0","gbd2021",2021,"fusion","0.6.0"
"scenario","BGD.7_1",10194709.9804817,"high","YLLs",-9239.61005886624,"PM25","LC",TRUE,"25+","Sylhet","BGD","0.6.0","gbd2021",2021,"fusion","0.6.0"
"scenario","BGD.7_1",10194709.9804817,"high","Deaths",-340.919771647419,"PM25","LC",TRUE,"25+","Sylhet","BGD","0.6.0","gbd2021",2021,"fusion","0.6.0"
"scenario","BGD.7_1",10194709.9804817,"high","YLLs",-20317.0225265501,"PM25","LRI",TRUE,"25+","Sylhet","BGD","0.6.0","gbd2021",2021,"fusion","0.6.0"
"scenario","BGD.7_1",10194709.9804817,"high","Deaths",-1003.51872316273,"PM25","LRI",TRUE,"25+","Sylhet","BGD","0.6.0","gbd2021",2021,"fusion","0.6.0"
"scenario","BGD.7_1",10194709.9804817,"high","YLDs",-41449.9347141524,"PM25","Diabetes",FALSE,"25+","Sylhet","BGD","0.6.0","gbd2021",2021,"fusion","0.6.0"
"scenario","BGD.7_1",10194709.9804817,"high","Deaths",-1801.75212717383,"PM25","Diabetes",TRUE,"25+","Sylhet","BGD","0.6.0","gbd2021",2021,"fusion","0.6.0"
"scenario","BGD.7_1",10194709.9804817,"high","YLLs",-508010.246352848,"PM25","NCD.LRI",FALSE,"25+","Sylhet","BGD","0.6.0","gbd2021",2021,"fusion","0.6.0"
"scenario","BGD.7_1",10194709.9804817,"high","Deaths",-22315.626346715,"PM25","NCD.LRI",FALSE,"25+","Sylhet","BGD","0.6.0","gbd2021",2021,"fusion","0.6.0"
"scenario","BGD.7_1",10194709.9804817,"high","exac",-21603.4796292533,"PM25","Asthma",FALSE,"0-18","Sylhet","BGD","0.6.0","gbd2021",2021,"fusion","0.6.0"
"scenario","BGD.7_1",10194709.9804817,"high","exac",-22632.2938467897,"PM25","Asthma",FALSE,"25+","Sylhet","BGD","0.6.0","gbd2021",2021,"fusion","0.6.0"
"scenario","BGD.7_1",10194709.9804817,"high","PTB",-44727.2682070428,"PM25","PTB",FALSE,"Newborn","Sylhet","BGD","0.6.0","gbd2021",2021,"fusion","0.6.0"
"scenario","BGD.7_1",10194709.9804817,"high","LBW",-72510.2982517454,"PM25","LBW",FALSE,"Newborn","Sylhet","BGD","0.6.0","gbd2021",2021,"fusion","0.6.0"
"scenario","BGD.7_1",10194709.9804817,"high","Absences",-13956675.3822783,"PM25","Absences",FALSE,"25+","Sylhet","BGD","0.6.0","gbd2021",2021,"fusion","0.6.0"
"scenario","BGD.8_1",12602115.1454659,"central","YLLs",-47161.0912658327,"PM25","LRI.child",FALSE,"0-4","Mymensingh","BGD","0.6.0","gbd2021",2021,"fusion","0.6.0"
"scenario","BGD.8_1",12602115.1454659,"central","Deaths.child",-527.803759879084,"PM25","LRI.child",FALSE,"0-4","Mymensingh","BGD","0.6.0","gbd2021",2021,"fusion","0.6.0"
"scenario","BGD.8_1",12602115.1454659,"central","YLLs",-145490.267246851,"PM25","IHD",TRUE,"25+","Mymensingh","BGD","0.6.0","gbd2021",2021,"fusion","0.6.0"
"scenario","BGD.8_1",12602115.1454659,"central","Deaths",-5591.78376945196,"PM25","IHD",TRUE,"25+","Mymensingh","BGD","0.6.0","gbd2021",2021,"fusion","0.6.0"
"scenario","BGD.8_1",12602115.1454659,"central","YLLs",-120974.606277493,"PM25","Stroke",TRUE,"25+","Mymensingh","BGD","0.6.0","gbd2021",2021,"fusion","0.6.0"
"scenario","BGD.8_1",12602115.1454659,"central","YLDs",-7000.21914969594,"PM25","Stroke",FALSE,"25+","Mymensingh","BGD","0.6.0","gbd2021",2021,"fusion","0.6.0"
"scenario","BGD.8_1",12602115.1454659,"central","Deaths",-5203.72761330698,"PM25","Stroke",TRUE,"25+","Mymensingh","BGD","0.6.0","gbd2021",2021,"fusion","0.6.0"
"scenario","BGD.8_1",12602115.1454659,"central","YLLs",-47659.6911895847,"PM25","COPD",TRUE,"25+","Mymensingh","BGD","0.6.0","gbd2021",2021,"fusion","0.6.0"
"scenario","BGD.8_1",12602115.1454659,"central","YLDs",-11933.2237300087,"PM25","COPD",FALSE,"25+","Mymensingh","BGD","0.6.0","gbd2021",2021,"fusion","0.6.0"
"scenario","BGD.8_1",12602115.1454659,"central","Deaths",-2488.04318598315,"PM25","COPD",TRUE,"25+","Mymensingh","BGD","0.6.0","gbd2021",2021,"fusion","0.6.0"
"scenario","BGD.8_1",12602115.1454659,"central","YLLs",-6395.70050795449,"PM25","LC",TRUE,"25+","Mymensingh","BGD","0.6.0","gbd2021",2021,"fusion","0.6.0"
"scenario","BGD.8_1",12602115.1454659,"central","Deaths",-242.198692898707,"PM25","LC",TRUE,"25+","Mymensingh","BGD","0.6.0","gbd2021",2021,"fusion","0.6.0"
"scenario","BGD.8_1",12602115.1454659,"central","YLLs",-16046.316450945,"PM25","LRI",TRUE,"25+","Mymensingh","BGD","0.6.0","gbd2021",2021,"fusion","0.6.0"
"scenario","BGD.8_1",12602115.1454659,"central","Deaths",-795.560264909593,"PM25","LRI",TRUE,"25+","Mymensingh","BGD","0.6.0","gbd2021",2021,"fusion","0.6.0"
"scenario","BGD.8_1",12602115.1454659,"central","YLDs",-30179.6457594355,"PM25","Diabetes",FALSE,"25+","Mymensingh","BGD","0.6.0","gbd2021",2021,"fusion","0.6.0"
"scenario","BGD.8_1",12602115.1454659,"central","Deaths",-1536.82525634794,"PM25","Diabetes",TRUE,"25+","Mymensingh","BGD","0.6.0","gbd2021",2021,"fusion","0.6.0"
"scenario","BGD.8_1",12602115.1454659,"central","YLLs",-425032.428767761,"PM25","NCD.LRI",FALSE,"25+","Mymensingh","BGD","0.6.0","gbd2021",2021,"fusion","0.6.0"
"scenario","BGD.8_1",12602115.1454659,"central","Deaths",-18942.4189323171,"PM25","NCD.LRI",FALSE,"25+","Mymensingh","BGD","0.6.0","gbd2021",2021,"fusion","0.6.0"
"scenario","BGD.8_1",12602115.1454659,"central","exac",-17573.0860070761,"PM25","Asthma",FALSE,"0-18","Mymensingh","BGD","0.6.0","gbd2021",2021,"fusion","0.6.0"
"scenario","BGD.8_1",12602115.1454659,"central","exac",-20394.320725291,"PM25","Asthma",FALSE,"25+","Mymensingh","BGD","0.6.0","gbd2021",2021,"fusion","0.6.0"
"scenario","BGD.8_1",12602115.1454659,"central","PTB",-50785.3519786605,"PM25","PTB",FALSE,"Newborn","Mymensingh","BGD","0.6.0","gbd2021",2021,"fusion","0.6.0"
"scenario","BGD.8_1",12602115.1454659,"central","LBW",-41410.2728093409,"PM25","LBW",FALSE,"Newborn","Mymensingh","BGD","0.6.0","gbd2021",2021,"fusion","0.6.0"
"scenario","BGD.8_1",12602115.1454659,"central","Absences",-14712390.3435743,"PM25","Absences",FALSE,"25+","Mymensingh","BGD","0.6.0","gbd2021",2021,"fusion","0.6.0"
"scenario","BGD.8_1",12602115.1454659,"low","YLLs",-25081.8167818424,"PM25","LRI.child",FALSE,"0-4","Mymensingh","BGD","0.6.0","gbd2021",2021,"fusion","0.6.0"
"scenario","BGD.8_1",12602115.1454659,"low","Deaths.child",-280.780860759264,"PM25","LRI.child",FALSE,"0-4","Mymensingh","BGD","0.6.0","gbd2021",2021,"fusion","0.6.0"
"scenario","BGD.8_1",12602115.1454659,"low","YLLs",-91781.0283421,"PM25","IHD",TRUE,"25+","Mymensingh","BGD","0.6.0","gbd2021",2021,"fusion","0.6.0"
"scenario","BGD.8_1",12602115.1454659,"low","Deaths",-3553.55654142551,"PM25","IHD",TRUE,"25+","Mymensingh","BGD","0.6.0","gbd2021",2021,"fusion","0.6.0"
"scenario","BGD.8_1",12602115.1454659,"low","YLLs",-66979.8362824096,"PM25","Stroke",TRUE,"25+","Mymensingh","BGD","0.6.0","gbd2021",2021,"fusion","0.6.0"
"scenario","BGD.8_1",12602115.1454659,"low","YLDs",-3508.01150562694,"PM25","Stroke",FALSE,"25+","Mymensingh","BGD","0.6.0","gbd2021",2021,"fusion","0.6.0"
"scenario","BGD.8_1",12602115.1454659,"low","Deaths",-2908.39712286972,"PM25","Stroke",TRUE,"25+","Mymensingh","BGD","0.6.0","gbd2021",2021,"fusion","0.6.0"
"scenario","BGD.8_1",12602115.1454659,"low","YLLs",-27843.3441986304,"PM25","COPD",TRUE,"25+","Mymensingh","BGD","0.6.0","gbd2021",2021,"fusion","0.6.0"
"scenario","BGD.8_1",12602115.1454659,"low","YLDs",-7076.27473206211,"PM25","COPD",FALSE,"25+","Mymensingh","BGD","0.6.0","gbd2021",2021,"fusion","0.6.0"
"scenario","BGD.8_1",12602115.1454659,"low","Deaths",-1488.26259629073,"PM25","COPD",TRUE,"25+","Mymensingh","BGD","0.6.0","gbd2021",2021,"fusion","0.6.0"
"scenario","BGD.8_1",12602115.1454659,"low","YLLs",-3192.8497084376,"PM25","LC",TRUE,"25+","Mymensingh","BGD","0.6.0","gbd2021",2021,"fusion","0.6.0"
"scenario","BGD.8_1",12602115.1454659,"low","Deaths",-121.19508421423,"PM25","LC",TRUE,"25+","Mymensingh","BGD","0.6.0","gbd2021",2021,"fusion","0.6.0"
"scenario","BGD.8_1",12602115.1454659,"low","YLLs",-8633.26828847661,"PM25","LRI",TRUE,"25+","Mymensingh","BGD","0.6.0","gbd2021",2021,"fusion","0.6.0"
"scenario","BGD.8_1",12602115.1454659,"low","Deaths",-433.030538343671,"PM25","LRI",TRUE,"25+","Mymensingh","BGD","0.6.0","gbd2021",2021,"fusion","0.6.0"
"scenario","BGD.8_1",12602115.1454659,"low","YLDs",-14010.9749909498,"PM25","Diabetes",FALSE,"25+","Mymensingh","BGD","0.6.0","gbd2021",2021,"fusion","0.6.0"
"scenario","BGD.8_1",12602115.1454659,"low","Deaths",-864.584419793517,"PM25","Diabetes",TRUE,"25+","Mymensingh","BGD","0.6.0","gbd2021",2021,"fusion","0.6.0"
"scenario","BGD.8_1",12602115.1454659,"low","YLLs",-257434.522201834,"PM25","NCD.LRI",FALSE,"25+","Mymensingh","BGD","0.6.0","gbd2021",2021,"fusion","0.6.0"
"scenario","BGD.8_1",12602115.1454659,"low","Deaths",-11665.9801549862,"PM25","NCD.LRI",FALSE,"25+","Mymensingh","BGD","0.6.0","gbd2021",2021,"fusion","0.6.0"
"scenario","BGD.8_1",12602115.1454659,"low","exac",-8899.67219846859,"PM25","Asthma",FALSE,"0-18","Mymensingh","BGD","0.6.0","gbd2021",2021,"fusion","0.6.0"
"scenario","BGD.8_1",12602115.1454659,"low","exac",-13068.3591097862,"PM25","Asthma",FALSE,"25+","Mymensingh","BGD","0.6.0","gbd2021",2021,"fusion","0.6.0"
"scenario","BGD.8_1",12602115.1454659,"low","PTB",-20111.8230893805,"PM25","PTB",FALSE,"Newborn","Mymensingh","BGD","0.6.0","gbd2021",2021,"fusion","0.6.0"
"scenario","BGD.8_1",12602115.1454659,"low","LBW",-10569.4708429313,"PM25","LBW",FALSE,"Newborn","Mymensingh","BGD","0.6.0","gbd2021",2021,"fusion","0.6.0"
"scenario","BGD.8_1",12602115.1454659,"low","Absences",-12255924.8892361,"PM25","Absences",FALSE,"25+","Mymensingh","BGD","0.6.0","gbd2021",2021,"fusion","0.6.0"
"scenario","BGD.8_1",12602115.1454659,"high","YLLs",-73704.0130130445,"PM25","LRI.child",FALSE,"0-4","Mymensingh","BGD","0.6.0","gbd2021",2021,"fusion","0.6.0"
"scenario","BGD.8_1",12602115.1454659,"high","Deaths.child",-824.809885397152,"PM25","LRI.child",FALSE,"0-4","Mymensingh","BGD","0.6.0","gbd2021",2021,"fusion","0.6.0"
"scenario","BGD.8_1",12602115.1454659,"high","YLLs",-207775.810591104,"PM25","IHD",TRUE,"25+","Mymensingh","BGD","0.6.0","gbd2021",2021,"fusion","0.6.0"
"scenario","BGD.8_1",12602115.1454659,"high","Deaths",-7970.33802795023,"PM25","IHD",TRUE,"25+","Mymensingh","BGD","0.6.0","gbd2021",2021,"fusion","0.6.0"
"scenario","BGD.8_1",12602115.1454659,"high","YLLs",-183450.286726139,"PM25","Stroke",TRUE,"25+","Mymensingh","BGD","0.6.0","gbd2021",2021,"fusion","0.6.0"
"scenario","BGD.8_1",12602115.1454659,"high","YLDs",-10872.9975218853,"PM25","Stroke",FALSE,"25+","Mymensingh","BGD","0.6.0","gbd2021",2021,"fusion","0.6.0"
"scenario","BGD.8_1",12602115.1454659,"high","Deaths",-7929.78801932713,"PM25","Stroke",TRUE,"25+","Mymensingh","BGD","0.6.0","gbd2021",2021,"fusion","0.6.0"
"scenario","BGD.8_1",12602115.1454659,"high","YLLs",-73361.9639443335,"PM25","COPD",TRUE,"25+","Mymensingh","BGD","0.6.0","gbd2021",2021,"fusion","0.6.0"
"scenario","BGD.8_1",12602115.1454659,"high","YLDs",-17048.0342516272,"PM25","COPD",FALSE,"25+","Mymensingh","BGD","0.6.0","gbd2021",2021,"fusion","0.6.0"
"scenario","BGD.8_1",12602115.1454659,"high","Deaths",-3800.32522714132,"PM25","COPD",TRUE,"25+","Mymensingh","BGD","0.6.0","gbd2021",2021,"fusion","0.6.0"
"scenario","BGD.8_1",12602115.1454659,"high","YLLs",-11421.4754597202,"PM25","LC",TRUE,"25+","Mymensingh","BGD","0.6.0","gbd2021",2021,"fusion","0.6.0"
"scenario","BGD.8_1",12602115.1454659,"high","Deaths",-421.425447697108,"PM25","LC",TRUE,"25+","Mymensingh","BGD","0.6.0","gbd2021",2021,"fusion","0.6.0"
"scenario","BGD.8_1",12602115.1454659,"high","YLLs",-25114.7367392308,"PM25","LRI",TRUE,"25+","Mymensingh","BGD","0.6.0","gbd2021",2021,"fusion","0.6.0"
"scenario","BGD.8_1",12602115.1454659,"high","Deaths",-1240.49222823796,"PM25","LRI",TRUE,"25+","Mymensingh","BGD","0.6.0","gbd2021",2021,"fusion","0.6.0"
"scenario","BGD.8_1",12602115.1454659,"high","YLDs",-51238.0294328995,"PM25","Diabetes",FALSE,"25+","Mymensingh","BGD","0.6.0","gbd2021",2021,"fusion","0.6.0"
"scenario","BGD.8_1",12602115.1454659,"high","Deaths",-2227.22253146038,"PM25","Diabetes",TRUE,"25+","Mymensingh","BGD","0.6.0","gbd2021",2021,"fusion","0.6.0"
"scenario","BGD.8_1",12602115.1454659,"high","YLLs",-627973.098977012,"PM25","NCD.LRI",FALSE,"25+","Mymensingh","BGD","0.6.0","gbd2021",2021,"fusion","0.6.0"
"scenario","BGD.8_1",12602115.1454659,"high","Deaths",-27585.296031266,"PM25","NCD.LRI",FALSE,"25+","Mymensingh","BGD","0.6.0","gbd2021",2021,"fusion","0.6.0"
"scenario","BGD.8_1",12602115.1454659,"high","exac",-26704.9811472631,"PM25","Asthma",FALSE,"0-18","Mymensingh","BGD","0.6.0","gbd2021",2021,"fusion","0.6.0"
"scenario","BGD.8_1",12602115.1454659,"high","exac",-27976.7422132972,"PM25","Asthma",FALSE,"25+","Mymensingh","BGD","0.6.0","gbd2021",2021,"fusion","0.6.0"
"scenario","BGD.8_1",12602115.1454659,"high","PTB",-55289.2809277011,"PM25","PTB",FALSE,"Newborn","Mymensingh","BGD","0.6.0","gbd2021",2021,"fusion","0.6.0"
"scenario","BGD.8_1",12602115.1454659,"high","LBW",-89633.0674977561,"PM25","LBW",FALSE,"Newborn","Mymensingh","BGD","0.6.0","gbd2021",2021,"fusion","0.6.0"
"scenario","BGD.8_1",12602115.1454659,"high","Absences",-17252440.7807676,"PM25","Absences",FALSE,"25+","Mymensingh","BGD","0.6.0","gbd2021",2021,"fusion","0.6.0"
