"scenario","region_id","pollutant","pop","estimate","number","cause","outcome","double_counted","age_group","region_name","iso3","version","epi_version","pop_year","rr_sources","ref"
"scenario","BGD.1_1","PM25",8596071.95759812,"central",-23720.1005169386,"LRI.child","YLLs",FALSE,"0-4","Barisal","BGD","0.7.0","gbd2021",2021,"gbd2023","0.7.0"
"scenario","BGD.1_1","PM25",8596071.95759812,"central",-265.463709628368,"LRI.child","Deaths.child",FALSE,"0-4","Barisal","BGD","0.7.0","gbd2021",2021,"gbd2023","0.7.0"
"scenario","BGD.1_1","PM25",8596071.95759812,"central",-34890.2428265061,"COPD","YLLs",FALSE,"25+","Barisal","BGD","0.7.0","gbd2021",2021,"gbd2023","0.7.0"
"scenario","BGD.1_1","PM25",8596071.95759812,"central",-8735.95827523983,"COPD","YLDs",FALSE,"25+","Barisal","BGD","0.7.0","gbd2021",2021,"gbd2023","0.7.0"
"scenario","BGD.1_1","PM25",8596071.95759812,"central",-1821.42243801942,"COPD","Deaths",FALSE,"25+","Barisal","BGD","0.7.0","gbd2021",2021,"gbd2023","0.7.0"
"scenario","BGD.1_1","PM25",8596071.95759812,"central",-10655.9534416292,"Diabetes","YLDs",FALSE,"25+","Barisal","BGD","0.7.0","gbd2021",2021,"gbd2023","0.7.0"
"scenario","BGD.1_1","PM25",8596071.95759812,"central",-542.628581862782,"Diabetes","Deaths",FALSE,"25+","Barisal","BGD","0.7.0","gbd2021",2021,"gbd2023","0.7.0"
"scenario","BGD.1_1","PM25",8596071.95759812,"central",-3587.7974759512,"LC","YLLs",FALSE,"25+","Barisal","BGD","0.7.0","gbd2021",2021,"gbd2023","0.7.0"
"scenario","BGD.1_1","PM25",8596071.95759812,"central",-135.866252333097,"LC","Deaths",FALSE,"25+","Barisal","BGD","0.7.0","gbd2021",2021,"gbd2023","0.7.0"
"scenario","BGD.1_1","PM25",8596071.95759812,"central",-5499.7827277912,"Dementia","YLLs",FALSE,"25+","Barisal","BGD","0.7.0","gbd2021",2021,"gbd2023","0.7.0"
"scenario","BGD.1_1","PM25",8596071.95759812,"central",-2393.54301948995,"Dementia","YLDs",FALSE,"25+","Barisal","BGD","0.7.0","gbd2021",2021,"gbd2023","0.7.0"
"scenario","BGD.1_1","PM25",8596071.95759812,"central",-378.168742680813,"Dementia","Deaths",FALSE,"25+","Barisal","BGD","0.7.0","gbd2021",2021,"gbd2023","0.7.0"
"scenario","BGD.1_1","PM25",8596071.95759812,"central",-70243.4826061923,"IHD","YLLs",FALSE,"25+","Barisal","BGD","0.7.0","gbd2021",2021,"gbd2023","0.7.0"
"scenario","BGD.1_1","PM25",8596071.95759812,"central",-2935.97377909805,"IHD","Deaths",FALSE,"25+","Barisal","BGD","0.7.0","gbd2021",2021,"gbd2023","0.7.0"
"scenario","BGD.1_1","PM25",8596071.95759812,"central",-8070.64105021615,"LRI","YLLs",FALSE,"25+","Barisal","BGD","0.7.0","gbd2021",2021,"gbd2023","0.7.0"
"scenario","BGD.1_1","PM25",8596071.95759812,"central",-400.134283249916,"LRI","Deaths",FALSE,"25+","Barisal","BGD","0.7.0","gbd2021",2021,"gbd2023","0.7.0"
"scenario","BGD.1_1","PM25",8596071.95759812,"central",-76392.227411085,"Stroke","YLLs",FALSE,"25+","Barisal","BGD","0.7.0","gbd2021",2021,"gbd2023","0.7.0"
"scenario","BGD.1_1","PM25",8596071.95759812,"central",-4072.06931891358,"Stroke","YLDs",FALSE,"25+","Barisal","BGD","0.7.0","gbd2021",2021,"gbd2023","0.7.0"
"scenario","BGD.1_1","PM25",8596071.95759812,"central",-3663.4408524586,"Stroke","Deaths",FALSE,"25+","Barisal","BGD","0.7.0","gbd2021",2021,"gbd2023","0.7.0"
"scenario","BGD.1_1","PM25",8596071.95759812,"central",-11986.8379307927,"Asthma.0to17","AsthmaERV",FALSE,"0-18","Barisal","BGD","0.7.0","gbd2021",2021,"gbd2023","0.7.0"
"scenario","BGD.1_1","PM25",8596071.95759812,"central",-13911.2400146584,"Asthma.18to99","AsthmaERV",FALSE,"25+","Barisal","BGD","0.7.0","gbd2021",2021,"gbd2023","0.7.0"
"scenario","BGD.1_1","PM25",8596071.95759812,"central",-34641.3705129161,"PTB","PTB",FALSE,"Newborn","Barisal","BGD","0.7.0","gbd2021",2021,"gbd2023","0.7.0"
"scenario","BGD.1_1","PM25",8596071.95759812,"central",-28246.503126179,"LBW","LBW",FALSE,"Newborn","Barisal","BGD","0.7.0","gbd2021",2021,"gbd2023","0.7.0"
"scenario","BGD.1_1","PM25",8596071.95759812,"central",-10035519.0062789,"Absences","Absences",FALSE,"25+","Barisal","BGD","0.7.0","gbd2021",2021,"gbd2023","0.7.0"
"scenario","BGD.1_1","PM25",8596071.95759812,"low",-8420.03624291254,"LRI.child","YLLs",FALSE,"0-4","Barisal","BGD","0.7.0","gbd2021",2021,"gbd2023","0.7.0"
"scenario","BGD.1_1","PM25",8596071.95759812,"low",-94.2589224884499,"LRI.child","Deaths.child",FALSE,"0-4","Barisal","BGD","0.7.0","gbd2021",2021,"gbd2023","0.7.0"
"scenario","BGD.1_1","PM25",8596071.95759812,"low",-23485.381558135,"COPD","YLLs",FALSE,"25+","Barisal","BGD","0.7.0","gbd2021",2021,"gbd2023","0.7.0"
"scenario","BGD.1_1","PM25",8596071.95759812,"low",-5968.71593107134,"COPD","YLDs",FALSE,"25+","Barisal","BGD","0.7.0","gbd2021",2021,"gbd2023","0.7.0"
"scenario","BGD.1_1","PM25",8596071.95759812,"low",-1255.3238821904,"COPD","Deaths",FALSE,"25+","Barisal","BGD","0.7.0","gbd2021",2021,"gbd2023","0.7.0"
"scenario","BGD.1_1","PM25",8596071.95759812,"low",-4558.66298943346,"Diabetes","YLDs",FALSE,"25+","Barisal","BGD","0.7.0","gbd2021",2021,"gbd2023","0.7.0"
"scenario","BGD.1_1","PM25",8596071.95759812,"low",-281.30440588891,"Diabetes","Deaths",FALSE,"25+","Barisal","BGD","0.7.0","gbd2021",2021,"gbd2023","0.7.0"
"scenario","BGD.1_1","PM25",8596071.95759812,"low",-1798.36898569759,"LC","YLLs",FALSE,"25+","Barisal","BGD","0.7.0","gbd2021",2021,"gbd2023","0.7.0"
"scenario","BGD.1_1","PM25",8596071.95759812,"low",-68.2629940563455,"LC","Deaths",FALSE,"25+","Barisal","BGD","0.7.0","gbd2021",2021,"gbd2023","0.7.0"
"scenario","BGD.1_1","PM25",8596071.95759812,"low",-337.730887265878,"Dementia","YLLs",FALSE,"25+","Barisal","BGD","0.7.0","gbd2021",2021,"gbd2023","0.7.0"
"scenario","BGD.1_1","PM25",8596071.95759812,"low",-433.986329247258,"Dementia","YLDs",FALSE,"25+","Barisal","BGD","0.7.0","gbd2021",2021,"gbd2023","0.7.0"
"scenario","BGD.1_1","PM25",8596071.95759812,"low",-23.635868328059,"Dementia","Deaths",FALSE,"25+","Barisal","BGD","0.7.0","gbd2021",2021,"gbd2023","0.7.0"
"scenario","BGD.1_1","PM25",8596071.95759812,"low",-41598.5660373884,"IHD","YLLs",FALSE,"25+","Barisal","BGD","0.7.0","gbd2021",2021,"gbd2023","0.7.0"
"scenario","BGD.1_1","PM25",8596071.95759812,"low",-1775.83102458846,"IHD","Deaths",FALSE,"25+","Barisal","BGD","0.7.0","gbd2021",2021,"gbd2023","0.7.0"
"scenario","BGD.1_1","PM25",8596071.95759812,"low",-2898.21237895276,"LRI","YLLs",FALSE,"25+","Barisal","BGD","0.7.0","gbd2021",2021,"gbd2023","0.7.0"
"scenario","BGD.1_1","PM25",8596071.95759812,"low",-145.369566282025,"LRI","Deaths",FALSE,"25+","Barisal","BGD","0.7.0","gbd2021",2021,"gbd2023","0.7.0"
"scenario","BGD.1_1","PM25",8596071.95759812,"low",-39022.2040297998,"Stroke","YLLs",FALSE,"25+","Barisal","BGD","0.7.0","gbd2021",2021,"gbd2023","0.7.0"
"scenario","BGD.1_1","PM25",8596071.95759812,"low",-1858.19188305232,"Stroke","YLDs",FALSE,"25+","Barisal","BGD","0.7.0","gbd2021",2021,"gbd2023","0.7.0"
"scenario","BGD.1_1","PM25",8596071.95759812,"low",-1919.89834666383,"Stroke","Deaths",FALSE,"25+","Barisal","BGD","0.7.0","gbd2021",2021,"gbd2023","0.7.0"
"scenario","BGD.1_1","PM25",8596071.95759812,"low",-6070.58590831848,"Asthma.0to17","AsthmaERV",FALSE,"0-18","Barisal","BGD","0.7.0","gbd2021",2021,"gbd2023","0.7.0"
"scenario","BGD.1_1","PM25",8596071.95759812,"low",-8914.10322622496,"Asthma.18to99","AsthmaERV",FALSE,"25+","Barisal","BGD","0.7.0","gbd2021",2021,"gbd2023","0.7.0"
"scenario","BGD.1_1","PM25",8596071.95759812,"low",-13718.5445839225,"PTB","PTB",FALSE,"Newborn","Barisal","BGD","0.7.0","gbd2021",2021,"gbd2023","0.7.0"
"scenario","BGD.1_1","PM25",8596071.95759812,"low",-7209.57798518948,"LBW","LBW",FALSE,"Newborn","Barisal","BGD","0.7.0","gbd2021",2021,"gbd2023","0.7.0"
"scenario","BGD.1_1","PM25",8596071.95759812,"low",-8359930.93529994,"Absences","Absences",FALSE,"25+","Barisal","BGD","0.7.0","gbd2021",2021,"gbd2023","0.7.0"
"scenario","BGD.1_1","PM25",8596071.95759812,"high",-42311.5634905559,"LRI.child","YLLs",FALSE,"0-4","Barisal","BGD","0.7.0","gbd2021",2021,"gbd2023","0.7.0"
"scenario","BGD.1_1","PM25",8596071.95759812,"high",-473.501976445205,"LRI.child","Deaths.child",FALSE,"0-4","Barisal","BGD","0.7.0","gbd2021",2021,"gbd2023","0.7.0"
"scenario","BGD.1_1","PM25",8596071.95759812,"high",-50440.2836123072,"COPD","YLLs",FALSE,"25+","Barisal","BGD","0.7.0","gbd2021",2021,"gbd2023","0.7.0"
"scenario","BGD.1_1","PM25",8596071.95759812,"high",-11721.4376013283,"COPD","YLDs",FALSE,"25+","Barisal","BGD","0.7.0","gbd2021",2021,"gbd2023","0.7.0"
"scenario","BGD.1_1","PM25",8596071.95759812,"high",-2612.92735321899,"COPD","Deaths",FALSE,"25+","Barisal","BGD","0.7.0","gbd2021",2021,"gbd2023","0.7.0"
"scenario","BGD.1_1","PM25",8596071.95759812,"high",-19404.3239778018,"Diabetes","YLDs",FALSE,"25+","Barisal","BGD","0.7.0","gbd2021",2021,"gbd2023","0.7.0"
"scenario","BGD.1_1","PM25",8596071.95759812,"high",-843.470134379666,"Diabetes","Deaths",FALSE,"25+","Barisal","BGD","0.7.0","gbd2021",2021,"gbd2023","0.7.0"
"scenario","BGD.1_1","PM25",8596071.95759812,"high",-6507.91775032893,"LC","YLLs",FALSE,"25+","Barisal","BGD","0.7.0","gbd2021",2021,"gbd2023","0.7.0"
"scenario","BGD.1_1","PM25",8596071.95759812,"high",-240.126782321652,"LC","Deaths",FALSE,"25+","Barisal","BGD","0.7.0","gbd2021",2021,"gbd2023","0.7.0"
"scenario","BGD.1_1","PM25",8596071.95759812,"high",-22138.7579684267,"Dementia","YLLs",FALSE,"25+","Barisal","BGD","0.7.0","gbd2021",2021,"gbd2023","0.7.0"
"scenario","BGD.1_1","PM25",8596071.95759812,"high",-4541.63916442486,"Dementia","YLDs",FALSE,"25+","Barisal","BGD","0.7.0","gbd2021",2021,"gbd2023","0.7.0"
"scenario","BGD.1_1","PM25",8596071.95759812,"high",-1508.65676193793,"Dementia","Deaths",FALSE,"25+","Barisal","BGD","0.7.0","gbd2021",2021,"gbd2023","0.7.0"
"scenario","BGD.1_1","PM25",8596071.95759812,"high",-104364.41020978,"IHD","YLLs",FALSE,"25+","Barisal","BGD","0.7.0","gbd2021",2021,"gbd2023","0.7.0"
"scenario","BGD.1_1","PM25",8596071.95759812,"high",-4295.10865968437,"IHD","Deaths",FALSE,"25+","Barisal","BGD","0.7.0","gbd2021",2021,"gbd2023","0.7.0"
"scenario","BGD.1_1","PM25",8596071.95759812,"high",-14417.7193974837,"LRI","YLLs",FALSE,"25+","Barisal","BGD","0.7.0","gbd2021",2021,"gbd2023","0.7.0"
"scenario","BGD.1_1","PM25",8596071.95759812,"high",-712.134435140487,"LRI","Deaths",FALSE,"25+","Barisal","BGD","0.7.0","gbd2021",2021,"gbd2023","0.7.0"
"scenario","BGD.1_1","PM25",8596071.95759812,"high",-120702.207819309,"Stroke","YLLs",FALSE,"25+","Barisal","BGD","0.7.0","gbd2021",2021,"gbd2023","0.7.0"
"scenario","BGD.1_1","PM25",8596071.95759812,"high",-6661.14595882295,"Stroke","YLDs",FALSE,"25+","Barisal","BGD","0.7.0","gbd2021",2021,"gbd2023","0.7.0"
"scenario","BGD.1_1","PM25",8596071.95759812,"high",-5738.68161821355,"Stroke","Deaths",FALSE,"25+","Barisal","BGD","0.7.0","gbd2021",2021,"gbd2023","0.7.0"
"scenario","BGD.1_1","PM25",8596071.95759812,"high",-18215.8262258673,"Asthma.0to17","AsthmaERV",FALSE,"0-18","Barisal","BGD","0.7.0","gbd2021",2021,"gbd2023","0.7.0"
"scenario","BGD.1_1","PM25",8596071.95759812,"high",-19083.3115257801,"Asthma.18to99","AsthmaERV",FALSE,"25+","Barisal","BGD","0.7.0","gbd2021",2021,"gbd2023","0.7.0"
"scenario","BGD.1_1","PM25",8596071.95759812,"high",-37713.5609262685,"PTB","PTB",FALSE,"Newborn","Barisal","BGD","0.7.0","gbd2021",2021,"gbd2023","0.7.0"
"scenario","BGD.1_1","PM25",8596071.95759812,"high",-61139.9189022798,"LBW","LBW",FALSE,"Newborn","Barisal","BGD","0.7.0","gbd2021",2021,"gbd2023","0.7.0"
"scenario","BGD.1_1","PM25",8596071.95759812,"high",-11768121.5164137,"Absences","Absences",FALSE,"25+","Barisal","BGD","0.7.0","gbd2021",2021,"gbd2023","0.7.0"
"scenario","BGD.2_1","PM25",28732315.0874381,"central",-79284.2830213831,"LRI.child","YLLs",FALSE,"0-4","Chittagong","BGD","0.7.0","gbd2021",2021,"gbd2023","0.7.0"
"scenario","BGD.2_1","PM25",28732315.0874381,"central",-887.31073761901,"LRI.child","Deaths.child",FALSE,"0-4","Chittagong","BGD","0.7.0","gbd2021",2021,"gbd2023","0.7.0"
"scenario","BGD.2_1","PM25",28732315.0874381,"central",-116620.411661666,"COPD","YLLs",FALSE,"25+","Chittagong","BGD","0.7.0","gbd2021",2021,"gbd2023","0.7.0"
"scenario","BGD.2_1","PM25",28732315.0874381,"central",-29199.8842021137,"COPD","YLDs",FALSE,"25+","Chittagong","BGD","0.7.0","gbd2021",2021,"gbd2023","0.7.0"
"scenario","BGD.2_1","PM25",28732315.0874381,"central",-6088.09275383569,"COPD","Deaths",FALSE,"25+","Chittagong","BGD","0.7.0","gbd2021",2021,"gbd2023","0.7.0"
"scenario","BGD.2_1","PM25",28732315.0874381,"central",-35617.4556648905,"Diabetes","YLDs",FALSE,"25+","Chittagong","BGD","0.7.0","gbd2021",2021,"gbd2023","0.7.0"
"scenario","BGD.2_1","PM25",28732315.0874381,"central",-1813.73253579504,"Diabetes","Deaths",FALSE,"25+","Chittagong","BGD","0.7.0","gbd2021",2021,"gbd2023","0.7.0"
"scenario","BGD.2_1","PM25",28732315.0874381,"central",-11992.1899278458,"LC","YLLs",FALSE,"25+","Chittagong","BGD","0.7.0","gbd2021",2021,"gbd2023","0.7.0"
"scenario","BGD.2_1","PM25",28732315.0874381,"central",-454.132072304652,"LC","Deaths",FALSE,"25+","Chittagong","BGD","0.7.0","gbd2021",2021,"gbd2023","0.7.0"
"scenario","BGD.2_1","PM25",28732315.0874381,"central",-18382.9883028922,"Dementia","YLLs",FALSE,"25+","Chittagong","BGD","0.7.0","gbd2021",2021,"gbd2023","0.7.0"
"scenario","BGD.2_1","PM25",28732315.0874381,"central",-8000.40210814371,"Dementia","YLDs",FALSE,"25+","Chittagong","BGD","0.7.0","gbd2021",2021,"gbd2023","0.7.0"
"scenario","BGD.2_1","PM25",28732315.0874381,"central",-1264.02658383067,"Dementia","Deaths",FALSE,"25+","Chittagong","BGD","0.7.0","gbd2021",2021,"gbd2023","0.7.0"
"scenario","BGD.2_1","PM25",28732315.0874381,"central",-234788.387653751,"IHD","YLLs",FALSE,"25+","Chittagong","BGD","0.7.0","gbd2021",2021,"gbd2023","0.7.0"
"scenario","BGD.2_1","PM25",28732315.0874381,"central",-9813.4734243281,"IHD","Deaths",FALSE,"25+","Chittagong","BGD","0.7.0","gbd2021",2021,"gbd2023","0.7.0"
"scenario","BGD.2_1","PM25",28732315.0874381,"central",-26976.0656676979,"LRI","YLLs",FALSE,"25+","Chittagong","BGD","0.7.0","gbd2021",2021,"gbd2023","0.7.0"
"scenario","BGD.2_1","PM25",28732315.0874381,"central",-1337.44626154051,"LRI","Deaths",FALSE,"25+","Chittagong","BGD","0.7.0","gbd2021",2021,"gbd2023","0.7.0"
"scenario","BGD.2_1","PM25",28732315.0874381,"central",-255340.5275146,"Stroke","YLLs",FALSE,"25+","Chittagong","BGD","0.7.0","gbd2021",2021,"gbd2023","0.7.0"
"scenario","BGD.2_1","PM25",28732315.0874381,"central",-13610.8654401735,"Stroke","YLDs",FALSE,"25+","Chittagong","BGD","0.7.0","gbd2021",2021,"gbd2023","0.7.0"
"scenario","BGD.2_1","PM25",28732315.0874381,"central",-12245.0274260439,"Stroke","Deaths",FALSE,"25+","Chittagong","BGD","0.7.0","gbd2021",2021,"gbd2023","0.7.0"
"scenario","BGD.2_1","PM25",28732315.0874381,"central",-40065.928487856,"Asthma.0to17","AsthmaERV",FALSE,"0-18","Chittagong","BGD","0.7.0","gbd2021",2021,"gbd2023","0.7.0"
"scenario","BGD.2_1","PM25",28732315.0874381,"central",-46498.23004388,"Asthma.18to99","AsthmaERV",FALSE,"25+","Chittagong","BGD","0.7.0","gbd2021",2021,"gbd2023","0.7.0"
"scenario","BGD.2_1","PM25",28732315.0874381,"central",-115788.55755832,"PTB","PTB",FALSE,"Newborn","Chittagong","BGD","0.7.0","gbd2021",2021,"gbd2023","0.7.0"
"scenario","BGD.2_1","PM25",28732315.0874381,"central",-94413.7545547546,"LBW","LBW",FALSE,"Newborn","Chittagong","BGD","0.7.0","gbd2021",2021,"gbd2023","0.7.0"
"scenario","BGD.2_1","PM25",28732315.0874381,"central",-33543657.5655358,"Absences","Absences",FALSE,"25+","Chittagong","BGD","0.7.0","gbd2021",2021,"gbd2023","0.7.0"
"scenario","BGD.2_1","PM25",28732315.0874381,"low",-28143.9168462485,"LRI.child","YLLs",FALSE,"0-4","Chittagong","BGD","0.7.0","gbd2021",2021,"gbd2023","0.7.0"
"scenario","BGD.2_1","PM25",28732315.0874381,"low",-315.059840599248,"LRI.child","Deaths.child",FALSE,"0-4","Chittagong","BGD","0.7.0","gbd2021",2021,"gbd2023","0.7.0"
"scenario","BGD.2_1","PM25",28732315.0874381,"low",-78499.7364151423,"COPD","YLLs",FALSE,"25+","Chittagong","BGD","0.7.0","gbd2021",2021,"gbd2023","0.7.0"
"scenario","BGD.2_1","PM25",28732315.0874381,"low",-19950.3945109917,"COPD","YLDs",FALSE,"25+","Chittagong","BGD","0.7.0","gbd2021",2021,"gbd2023","0.7.0"
"scenario","BGD.2_1","PM25",28732315.0874381,"low",-4195.91198140216,"COPD","Deaths",FALSE,"25+","Chittagong","BGD","0.7.0","gbd2021",2021,"gbd2023","0.7.0"
"scenario","BGD.2_1","PM25",28732315.0874381,"low",-15237.3016461397,"Diabetes","YLDs",FALSE,"25+","Chittagong","BGD","0.7.0","gbd2021",2021,"gbd2023","0.7.0"
"scenario","BGD.2_1","PM25",28732315.0874381,"low",-940.258162722869,"Diabetes","Deaths",FALSE,"25+","Chittagong","BGD","0.7.0","gbd2021",2021,"gbd2023","0.7.0"
"scenario","BGD.2_1","PM25",28732315.0874381,"low",-6011.03673810774,"LC","YLLs",FALSE,"25+","Chittagong","BGD","0.7.0","gbd2021",2021,"gbd2023","0.7.0"
"scenario","BGD.2_1","PM25",28732315.0874381,"low",-228.168617446855,"LC","Deaths",FALSE,"25+","Chittagong","BGD","0.7.0","gbd2021",2021,"gbd2023","0.7.0"
"scenario","BGD.2_1","PM25",28732315.0874381,"low",-1128.86331286536,"Dementia","YLLs",FALSE,"25+","Chittagong","BGD","0.7.0","gbd2021",2021,"gbd2023","0.7.0"
"scenario","BGD.2_1","PM25",28732315.0874381,"low",-1450.59650699538,"Dementia","YLDs",FALSE,"25+","Chittagong","BGD","0.7.0","gbd2021",2021,"gbd2023","0.7.0"
"scenario","BGD.2_1","PM25",28732315.0874381,"low",-79.0027374732147,"Dementia","Deaths",FALSE,"25+","Chittagong","BGD","0.7.0","gbd2021",2021,"gbd2023","0.7.0"
"scenario","BGD.2_1","PM25",28732315.0874381,"low",-139042.938736149,"IHD","YLLs",FALSE,"25+","Chittagong","BGD","0.7.0","gbd2021",2021,"gbd2023","0.7.0"
"scenario","BGD.2_1","PM25",28732315.0874381,"low",-5935.70374843402,"IHD","Deaths",FALSE,"25+","Chittagong","BGD","0.7.0","gbd2021",2021,"gbd2023","0.7.0"
"scenario","BGD.2_1","PM25",28732315.0874381,"low",-9687.25618784272,"LRI","YLLs",FALSE,"25+","Chittagong","BGD","0.7.0","gbd2021",2021,"gbd2023","0.7.0"
"scenario","BGD.2_1","PM25",28732315.0874381,"low",-485.896837897853,"LRI","Deaths",FALSE,"25+","Chittagong","BGD","0.7.0","gbd2021",2021,"gbd2023","0.7.0"
"scenario","BGD.2_1","PM25",28732315.0874381,"low",-130431.465339175,"Stroke","YLLs",FALSE,"25+","Chittagong","BGD","0.7.0","gbd2021",2021,"gbd2023","0.7.0"
"scenario","BGD.2_1","PM25",28732315.0874381,"low",-6210.99438675449,"Stroke","YLDs",FALSE,"25+","Chittagong","BGD","0.7.0","gbd2021",2021,"gbd2023","0.7.0"
"scenario","BGD.2_1","PM25",28732315.0874381,"low",-6417.24784346853,"Stroke","Deaths",FALSE,"25+","Chittagong","BGD","0.7.0","gbd2021",2021,"gbd2023","0.7.0"
"scenario","BGD.2_1","PM25",28732315.0874381,"low",-20290.8942530426,"Asthma.0to17","AsthmaERV",FALSE,"0-18","Chittagong","BGD","0.7.0","gbd2021",2021,"gbd2023","0.7.0"
"scenario","BGD.2_1","PM25",28732315.0874381,"low",-29795.3325520334,"Asthma.18to99","AsthmaERV",FALSE,"25+","Chittagong","BGD","0.7.0","gbd2021",2021,"gbd2023","0.7.0"
"scenario","BGD.2_1","PM25",28732315.0874381,"low",-45854.1468092212,"PTB","PTB",FALSE,"Newborn","Chittagong","BGD","0.7.0","gbd2021",2021,"gbd2023","0.7.0"
"scenario","BGD.2_1","PM25",28732315.0874381,"low",-24097.9679253175,"LBW","LBW",FALSE,"Newborn","Chittagong","BGD","0.7.0","gbd2021",2021,"gbd2023","0.7.0"
"scenario","BGD.2_1","PM25",28732315.0874381,"low",-27943015.2431359,"Absences","Absences",FALSE,"25+","Chittagong","BGD","0.7.0","gbd2021",2021,"gbd2023","0.7.0"
"scenario","BGD.2_1","PM25",28732315.0874381,"high",-141426.128125677,"LRI.child","YLLs",FALSE,"0-4","Chittagong","BGD","0.7.0","gbd2021",2021,"gbd2023","0.7.0"
"scenario","BGD.2_1","PM25",28732315.0874381,"high",-1582.6773029422,"LRI.child","Deaths.child",FALSE,"0-4","Chittagong","BGD","0.7.0","gbd2021",2021,"gbd2023","0.7.0"
"scenario","BGD.2_1","PM25",28732315.0874381,"high",-168596.322715463,"COPD","YLLs",FALSE,"25+","Chittagong","BGD","0.7.0","gbd2021",2021,"gbd2023","0.7.0"
"scenario","BGD.2_1","PM25",28732315.0874381,"high",-39178.8295980265,"COPD","YLDs",FALSE,"25+","Chittagong","BGD","0.7.0","gbd2021",2021,"gbd2023","0.7.0"
"scenario","BGD.2_1","PM25",28732315.0874381,"high",-8733.69282895706,"COPD","Deaths",FALSE,"25+","Chittagong","BGD","0.7.0","gbd2021",2021,"gbd2023","0.7.0"
"scenario","BGD.2_1","PM25",28732315.0874381,"high",-64858.827769134,"Diabetes","YLDs",FALSE,"25+","Chittagong","BGD","0.7.0","gbd2021",2021,"gbd2023","0.7.0"
"scenario","BGD.2_1","PM25",28732315.0874381,"high",-2819.29348513879,"Diabetes","Deaths",FALSE,"25+","Chittagong","BGD","0.7.0","gbd2021",2021,"gbd2023","0.7.0"
"scenario","BGD.2_1","PM25",28732315.0874381,"high",-21752.6731148759,"LC","YLLs",FALSE,"25+","Chittagong","BGD","0.7.0","gbd2021",2021,"gbd2023","0.7.0"
"scenario","BGD.2_1","PM25",28732315.0874381,"high",-802.622221478728,"LC","Deaths",FALSE,"25+","Chittagong","BGD","0.7.0","gbd2021",2021,"gbd2023","0.7.0"
"scenario","BGD.2_1","PM25",28732315.0874381,"high",-73998.6557500977,"Dementia","YLLs",FALSE,"25+","Chittagong","BGD","0.7.0","gbd2021",2021,"gbd2023","0.7.0"
"scenario","BGD.2_1","PM25",28732315.0874381,"high",-15180.3996208248,"Dementia","YLDs",FALSE,"25+","Chittagong","BGD","0.7.0","gbd2021",2021,"gbd2023","0.7.0"
"scenario","BGD.2_1","PM25",28732315.0874381,"high",-5042.6754983688,"Dementia","Deaths",FALSE,"25+","Chittagong","BGD","0.7.0","gbd2021",2021,"gbd2023","0.7.0"
"scenario","BGD.2_1","PM25",28732315.0874381,"high",-348837.368143663,"IHD","YLLs",FALSE,"25+","Chittagong","BGD","0.7.0","gbd2021",2021,"gbd2023","0.7.0"
"scenario","BGD.2_1","PM25",28732315.0874381,"high",-14356.3729984549,"IHD","Deaths",FALSE,"25+","Chittagong","BGD","0.7.0","gbd2021",2021,"gbd2023","0.7.0"
"scenario","BGD.2_1","PM25",28732315.0874381,"high",-48191.1341149967,"LRI","YLLs",FALSE,"25+","Chittagong","BGD","0.7.0","gbd2021",2021,"gbd2023","0.7.0"
"scenario","BGD.2_1","PM25",28732315.0874381,"high",-2380.30475733578,"LRI","Deaths",FALSE,"25+","Chittagong","BGD","0.7.0","gbd2021",2021,"gbd2023","0.7.0"
"scenario","BGD.2_1","PM25",28732315.0874381,"high",-403446.351300999,"Stroke","YLLs",FALSE,"25+","Chittagong","BGD","0.7.0","gbd2021",2021,"gbd2023","0.7.0"
"scenario","BGD.2_1","PM25",28732315.0874381,"high",-22264.8374136915,"Stroke","YLDs",FALSE,"25+","Chittagong","BGD","0.7.0","gbd2021",2021,"gbd2023","0.7.0"
"scenario","BGD.2_1","PM25",28732315.0874381,"high",-19181.5063036154,"Stroke","Deaths",FALSE,"25+","Chittagong","BGD","0.7.0","gbd2021",2021,"gbd2023","0.7.0"
"scenario","BGD.2_1","PM25",28732315.0874381,"high",-60886.2816971904,"Asthma.0to17","AsthmaERV",FALSE,"0-18","Chittagong","BGD","0.7.0","gbd2021",2021,"gbd2023","0.7.0"
"scenario","BGD.2_1","PM25",28732315.0874381,"high",-63785.8457182647,"Asthma.18to99","AsthmaERV",FALSE,"25+","Chittagong","BGD","0.7.0","gbd2021",2021,"gbd2023","0.7.0"
"scenario","BGD.2_1","PM25",28732315.0874381,"high",-126057.334204265,"PTB","PTB",FALSE,"Newborn","Chittagong","BGD","0.7.0","gbd2021",2021,"gbd2023","0.7.0"
"scenario","BGD.2_1","PM25",28732315.0874381,"high",-204359.784676763,"LBW","LBW",FALSE,"Newborn","Chittagong","BGD","0.7.0","gbd2021",2021,"gbd2023","0.7.0"
"scenario","BGD.2_1","PM25",28732315.0874381,"high",-39334870.283163,"Absences","Absences",FALSE,"25+","Chittagong","BGD","0.7.0","gbd2021",2021,"gbd2023","0.7.0"
"scenario","BGD.3_1","PM25",48131173.7370577,"central",-132813.718250938,"LRI.child","YLLs",FALSE,"0-4","Dhaka","BGD","0.7.0","gbd2021",2021,"gbd2023","0.7.0"
"scenario","BGD.3_1","PM25",48131173.7370577,"central",-1486.38587392384,"LRI.child","Deaths.child",FALSE,"0-4","Dhaka","BGD","0.7.0","gbd2021",2021,"gbd2023","0.7.0"
"scenario","BGD.3_1","PM25",48131173.7370577,"central",-195357.640966032,"COPD","YLLs",FALSE,"25+","Dhaka","BGD","0.7.0","gbd2021",2021,"gbd2023","0.7.0"
"scenario","BGD.3_1","PM25",48131173.7370577,"central",-48914.4259819255,"COPD","YLDs",FALSE,"25+","Dhaka","BGD","0.7.0","gbd2021",2021,"gbd2023","0.7.0"
"scenario","BGD.3_1","PM25",48131173.7370577,"central",-10198.5186077223,"COPD","Deaths",FALSE,"25+","Dhaka","BGD","0.7.0","gbd2021",2021,"gbd2023","0.7.0"
"scenario","BGD.3_1","PM25",48131173.7370577,"central",-59664.8735565444,"Diabetes","YLDs",FALSE,"25+","Dhaka","BGD","0.7.0","gbd2021",2021,"gbd2023","0.7.0"
"scenario","BGD.3_1","PM25",48131173.7370577,"central",-3038.28896234928,"Diabetes","Deaths",FALSE,"25+","Dhaka","BGD","0.7.0","gbd2021",2021,"gbd2023","0.7.0"
"scenario","BGD.3_1","PM25",48131173.7370577,"central",-20088.8155078486,"LC","YLLs",FALSE,"25+","Dhaka","BGD","0.7.0","gbd2021",2021,"gbd2023","0.7.0"
"scenario","BGD.3_1","PM25",48131173.7370577,"central",-760.743072917953,"LC","Deaths",FALSE,"25+","Dhaka","BGD","0.7.0","gbd2021",2021,"gbd2023","0.7.0"
"scenario","BGD.3_1","PM25",48131173.7370577,"central",-30794.4139245372,"Dementia","YLLs",FALSE,"25+","Dhaka","BGD","0.7.0","gbd2021",2021,"gbd2023","0.7.0"
"scenario","BGD.3_1","PM25",48131173.7370577,"central",-13401.9393376949,"Dementia","YLDs",FALSE,"25+","Dhaka","BGD","0.7.0","gbd2021",2021,"gbd2023","0.7.0"
"scenario","BGD.3_1","PM25",48131173.7370577,"central",-2117.44451950591,"Dementia","Deaths",FALSE,"25+","Dhaka","BGD","0.7.0","gbd2021",2021,"gbd2023","0.7.0"
"scenario","BGD.3_1","PM25",48131173.7370577,"central",-393307.697037845,"IHD","YLLs",FALSE,"25+","Dhaka","BGD","0.7.0","gbd2021",2021,"gbd2023","0.7.0"
"scenario","BGD.3_1","PM25",48131173.7370577,"central",-16439.1206525793,"IHD","Deaths",FALSE,"25+","Dhaka","BGD","0.7.0","gbd2021",2021,"gbd2023","0.7.0"
"scenario","BGD.3_1","PM25",48131173.7370577,"central",-45189.1780889556,"LRI","YLLs",FALSE,"25+","Dhaka","BGD","0.7.0","gbd2021",2021,"gbd2023","0.7.0"
"scenario","BGD.3_1","PM25",48131173.7370577,"central",-2240.43409597466,"LRI","Deaths",FALSE,"25+","Dhaka","BGD","0.7.0","gbd2021",2021,"gbd2023","0.7.0"
"scenario","BGD.3_1","PM25",48131173.7370577,"central",-427735.783020479,"Stroke","YLLs",FALSE,"25+","Dhaka","BGD","0.7.0","gbd2021",2021,"gbd2023","0.7.0"
"scenario","BGD.3_1","PM25",48131173.7370577,"central",-22800.3530943833,"Stroke","YLDs",FALSE,"25+","Dhaka","BGD","0.7.0","gbd2021",2021,"gbd2023","0.7.0"
"scenario","BGD.3_1","PM25",48131173.7370577,"central",-20512.3583207394,"Stroke","Deaths",FALSE,"25+","Dhaka","BGD","0.7.0","gbd2021",2021,"gbd2023","0.7.0"
"scenario","BGD.3_1","PM25",48131173.7370577,"central",-67116.7693628897,"Asthma.0to17","AsthmaERV",FALSE,"0-18","Dhaka","BGD","0.7.0","gbd2021",2021,"gbd2023","0.7.0"
"scenario","BGD.3_1","PM25",48131173.7370577,"central",-77891.8921742597,"Asthma.18to99","AsthmaERV",FALSE,"25+","Dhaka","BGD","0.7.0","gbd2021",2021,"gbd2023","0.7.0"
"scenario","BGD.3_1","PM25",48131173.7370577,"central",-193964.153728744,"PTB","PTB",FALSE,"Newborn","Dhaka","BGD","0.7.0","gbd2021",2021,"gbd2023","0.7.0"
"scenario","BGD.3_1","PM25",48131173.7370577,"central",-158157.976822044,"LBW","LBW",FALSE,"Newborn","Dhaka","BGD","0.7.0","gbd2021",2021,"gbd2023","0.7.0"
"scenario","BGD.3_1","PM25",48131173.7370577,"central",-56190933.6282132,"Absences","Absences",FALSE,"25+","Dhaka","BGD","0.7.0","gbd2021",2021,"gbd2023","0.7.0"
"scenario","BGD.3_1","PM25",48131173.7370577,"low",-47145.5135879504,"LRI.child","YLLs",FALSE,"0-4","Dhaka","BGD","0.7.0","gbd2021",2021,"gbd2023","0.7.0"
"scenario","BGD.3_1","PM25",48131173.7370577,"low",-527.775081099604,"LRI.child","Deaths.child",FALSE,"0-4","Dhaka","BGD","0.7.0","gbd2021",2021,"gbd2023","0.7.0"
"scenario","BGD.3_1","PM25",48131173.7370577,"low",-131499.478556192,"COPD","YLLs",FALSE,"25+","Dhaka","BGD","0.7.0","gbd2021",2021,"gbd2023","0.7.0"
"scenario","BGD.3_1","PM25",48131173.7370577,"low",-33420.0673147695,"COPD","YLDs",FALSE,"25+","Dhaka","BGD","0.7.0","gbd2021",2021,"gbd2023","0.7.0"
"scenario","BGD.3_1","PM25",48131173.7370577,"low",-7028.816437091,"COPD","Deaths",FALSE,"25+","Dhaka","BGD","0.7.0","gbd2021",2021,"gbd2023","0.7.0"
"scenario","BGD.3_1","PM25",48131173.7370577,"low",-25524.891070644,"Diabetes","YLDs",FALSE,"25+","Dhaka","BGD","0.7.0","gbd2021",2021,"gbd2023","0.7.0"
"scenario","BGD.3_1","PM25",48131173.7370577,"low",-1575.08118820141,"Diabetes","Deaths",FALSE,"25+","Dhaka","BGD","0.7.0","gbd2021",2021,"gbd2023","0.7.0"
"scenario","BGD.3_1","PM25",48131173.7370577,"low",-10069.4375897395,"LC","YLLs",FALSE,"25+","Dhaka","BGD","0.7.0","gbd2021",2021,"gbd2023","0.7.0"
"scenario","BGD.3_1","PM25",48131173.7370577,"low",-382.218534575371,"LC","Deaths",FALSE,"25+","Dhaka","BGD","0.7.0","gbd2021",2021,"gbd2023","0.7.0"
"scenario","BGD.3_1","PM25",48131173.7370577,"low",-1891.02465539462,"Dementia","YLLs",FALSE,"25+","Dhaka","BGD","0.7.0","gbd2021",2021,"gbd2023","0.7.0"
"scenario","BGD.3_1","PM25",48131173.7370577,"low",-2429.97865950203,"Dementia","YLDs",FALSE,"25+","Dhaka","BGD","0.7.0","gbd2021",2021,"gbd2023","0.7.0"
"scenario","BGD.3_1","PM25",48131173.7370577,"low",-132.34208491222,"Dementia","Deaths",FALSE,"25+","Dhaka","BGD","0.7.0","gbd2021",2021,"gbd2023","0.7.0"
"scenario","BGD.3_1","PM25",48131173.7370577,"low",-232918.921460194,"IHD","YLLs",FALSE,"25+","Dhaka","BGD","0.7.0","gbd2021",2021,"gbd2023","0.7.0"
"scenario","BGD.3_1","PM25",48131173.7370577,"low",-9943.24291301129,"IHD","Deaths",FALSE,"25+","Dhaka","BGD","0.7.0","gbd2021",2021,"gbd2023","0.7.0"
"scenario","BGD.3_1","PM25",48131173.7370577,"low",-16227.6868116448,"LRI","YLLs",FALSE,"25+","Dhaka","BGD","0.7.0","gbd2021",2021,"gbd2023","0.7.0"
"scenario","BGD.3_1","PM25",48131173.7370577,"low",-813.954081040034,"LRI","Deaths",FALSE,"25+","Dhaka","BGD","0.7.0","gbd2021",2021,"gbd2023","0.7.0"
"scenario","BGD.3_1","PM25",48131173.7370577,"low",-218493.34103131,"Stroke","YLLs",FALSE,"25+","Dhaka","BGD","0.7.0","gbd2021",2021,"gbd2023","0.7.0"
"scenario","BGD.3_1","PM25",48131173.7370577,"low",-10404.3982880955,"Stroke","YLDs",FALSE,"25+","Dhaka","BGD","0.7.0","gbd2021",2021,"gbd2023","0.7.0"
"scenario","BGD.3_1","PM25",48131173.7370577,"low",-10749.9054610734,"Stroke","Deaths",FALSE,"25+","Dhaka","BGD","0.7.0","gbd2021",2021,"gbd2023","0.7.0"
"scenario","BGD.3_1","PM25",48131173.7370577,"low",-33990.4582558476,"Asthma.0to17","AsthmaERV",FALSE,"0-18","Dhaka","BGD","0.7.0","gbd2021",2021,"gbd2023","0.7.0"
"scenario","BGD.3_1","PM25",48131173.7370577,"low",-49911.8961786086,"Asthma.18to99","AsthmaERV",FALSE,"25+","Dhaka","BGD","0.7.0","gbd2021",2021,"gbd2023","0.7.0"
"scenario","BGD.3_1","PM25",48131173.7370577,"low",-76812.9508507309,"PTB","PTB",FALSE,"Newborn","Dhaka","BGD","0.7.0","gbd2021",2021,"gbd2023","0.7.0"
"scenario","BGD.3_1","PM25",48131173.7370577,"low",-40367.9090039833,"LBW","LBW",FALSE,"Newborn","Dhaka","BGD","0.7.0","gbd2021",2021,"gbd2023","0.7.0"
"scenario","BGD.3_1","PM25",48131173.7370577,"low",-46808971.6165131,"Absences","Absences",FALSE,"25+","Dhaka","BGD","0.7.0","gbd2021",2021,"gbd2023","0.7.0"
"scenario","BGD.3_1","PM25",48131173.7370577,"high",-236911.140750789,"LRI.child","YLLs",FALSE,"0-4","Dhaka","BGD","0.7.0","gbd2021",2021,"gbd2023","0.7.0"
"scenario","BGD.3_1","PM25",48131173.7370577,"high",-2651.23489025466,"LRI.child","Deaths.child",FALSE,"0-4","Dhaka","BGD","0.7.0","gbd2021",2021,"gbd2023","0.7.0"
"scenario","BGD.3_1","PM25",48131173.7370577,"high",-282425.515498912,"COPD","YLLs",FALSE,"25+","Dhaka","BGD","0.7.0","gbd2021",2021,"gbd2023","0.7.0"
"scenario","BGD.3_1","PM25",48131173.7370577,"high",-65630.7383675328,"COPD","YLDs",FALSE,"25+","Dhaka","BGD","0.7.0","gbd2021",2021,"gbd2023","0.7.0"
"scenario","BGD.3_1","PM25",48131173.7370577,"high",-14630.3173147508,"COPD","Deaths",FALSE,"25+","Dhaka","BGD","0.7.0","gbd2021",2021,"gbd2023","0.7.0"
"scenario","BGD.3_1","PM25",48131173.7370577,"high",-108648.798338663,"Diabetes","YLDs",FALSE,"25+","Dhaka","BGD","0.7.0","gbd2021",2021,"gbd2023","0.7.0"
"scenario","BGD.3_1","PM25",48131173.7370577,"high",-4722.76265020817,"Diabetes","Deaths",FALSE,"25+","Dhaka","BGD","0.7.0","gbd2021",2021,"gbd2023","0.7.0"
"scenario","BGD.3_1","PM25",48131173.7370577,"high",-36439.1691289516,"LC","YLLs",FALSE,"25+","Dhaka","BGD","0.7.0","gbd2021",2021,"gbd2023","0.7.0"
"scenario","BGD.3_1","PM25",48131173.7370577,"high",-1344.51921015249,"LC","Deaths",FALSE,"25+","Dhaka","BGD","0.7.0","gbd2021",2021,"gbd2023","0.7.0"
"scenario","BGD.3_1","PM25",48131173.7370577,"high",-123959.456290863,"Dementia","YLLs",FALSE,"25+","Dhaka","BGD","0.7.0","gbd2021",2021,"gbd2023","0.7.0"
"scenario","BGD.3_1","PM25",48131173.7370577,"high",-25429.5711753247,"Dementia","YLDs",FALSE,"25+","Dhaka","BGD","0.7.0","gbd2021",2021,"gbd2023","0.7.0"
"scenario","BGD.3_1","PM25",48131173.7370577,"high",-8447.27930112738,"Dementia","Deaths",FALSE,"25+","Dhaka","BGD","0.7.0","gbd2021",2021,"gbd2023","0.7.0"
"scenario","BGD.3_1","PM25",48131173.7370577,"high",-584357.78394484,"IHD","YLLs",FALSE,"25+","Dhaka","BGD","0.7.0","gbd2021",2021,"gbd2023","0.7.0"
"scenario","BGD.3_1","PM25",48131173.7370577,"high",-24049.196207121,"IHD","Deaths",FALSE,"25+","Dhaka","BGD","0.7.0","gbd2021",2021,"gbd2023","0.7.0"
"scenario","BGD.3_1","PM25",48131173.7370577,"high",-80727.7743410506,"LRI","YLLs",FALSE,"25+","Dhaka","BGD","0.7.0","gbd2021",2021,"gbd2023","0.7.0"
"scenario","BGD.3_1","PM25",48131173.7370577,"high",-3987.38707527811,"LRI","Deaths",FALSE,"25+","Dhaka","BGD","0.7.0","gbd2021",2021,"gbd2023","0.7.0"
"scenario","BGD.3_1","PM25",48131173.7370577,"high",-675836.470850204,"Stroke","YLLs",FALSE,"25+","Dhaka","BGD","0.7.0","gbd2021",2021,"gbd2023","0.7.0"
"scenario","BGD.3_1","PM25",48131173.7370577,"high",-37297.1253630112,"Stroke","YLDs",FALSE,"25+","Dhaka","BGD","0.7.0","gbd2021",2021,"gbd2023","0.7.0"
"scenario","BGD.3_1","PM25",48131173.7370577,"high",-32132.0579155632,"Stroke","Deaths",FALSE,"25+","Dhaka","BGD","0.7.0","gbd2021",2021,"gbd2023","0.7.0"
"scenario","BGD.3_1","PM25",48131173.7370577,"high",-101994.155140392,"Asthma.0to17","AsthmaERV",FALSE,"0-18","Dhaka","BGD","0.7.0","gbd2021",2021,"gbd2023","0.7.0"
"scenario","BGD.3_1","PM25",48131173.7370577,"high",-106851.383638526,"Asthma.18to99","AsthmaERV",FALSE,"25+","Dhaka","BGD","0.7.0","gbd2021",2021,"gbd2023","0.7.0"
"scenario","BGD.3_1","PM25",48131173.7370577,"high",-211165.979314636,"PTB","PTB",FALSE,"Newborn","Dhaka","BGD","0.7.0","gbd2021",2021,"gbd2023","0.7.0"
"scenario","BGD.3_1","PM25",48131173.7370577,"high",-342334.972702742,"LBW","LBW",FALSE,"Newborn","Dhaka","BGD","0.7.0","gbd2021",2021,"gbd2023","0.7.0"
"scenario","BGD.3_1","PM25",48131173.7370577,"high",-65892131.2035603,"Absences","Absences",FALSE,"25+","Dhaka","BGD","0.7.0","gbd2021",2021,"gbd2023","0.7.0"
"scenario","BGD.4_1","PM25",17911762.7688621,"central",-49425.9256330933,"LRI.child","YLLs",FALSE,"0-4","Khulna","BGD","0.7.0","gbd2021",2021,"gbd2023","0.7.0"
"scenario","BGD.4_1","PM25",17911762.7688621,"central",-553.150673244712,"LRI.child","Deaths.child",FALSE,"0-4","Khulna","BGD","0.7.0","gbd2021",2021,"gbd2023","0.7.0"
"scenario","BGD.4_1","PM25",17911762.7688621,"central",-72701.3170130517,"COPD","YLLs",FALSE,"25+","Khulna","BGD","0.7.0","gbd2021",2021,"gbd2023","0.7.0"
"scenario","BGD.4_1","PM25",17911762.7688621,"central",-18203.2459659039,"COPD","YLDs",FALSE,"25+","Khulna","BGD","0.7.0","gbd2021",2021,"gbd2023","0.7.0"
"scenario","BGD.4_1","PM25",17911762.7688621,"central",-3795.32497780542,"COPD","Deaths",FALSE,"25+","Khulna","BGD","0.7.0","gbd2021",2021,"gbd2023","0.7.0"
"scenario","BGD.4_1","PM25",17911762.7688621,"central",-22203.96840138,"Diabetes","YLDs",FALSE,"25+","Khulna","BGD","0.7.0","gbd2021",2021,"gbd2023","0.7.0"
"scenario","BGD.4_1","PM25",17911762.7688621,"central",-1130.6832327455,"Diabetes","Deaths",FALSE,"25+","Khulna","BGD","0.7.0","gbd2021",2021,"gbd2023","0.7.0"
"scenario","BGD.4_1","PM25",17911762.7688621,"central",-7475.94687072806,"LC","YLLs",FALSE,"25+","Khulna","BGD","0.7.0","gbd2021",2021,"gbd2023","0.7.0"
"scenario","BGD.4_1","PM25",17911762.7688621,"central",-283.106527270711,"LC","Deaths",FALSE,"25+","Khulna","BGD","0.7.0","gbd2021",2021,"gbd2023","0.7.0"
"scenario","BGD.4_1","PM25",17911762.7688621,"central",-11459.9789283294,"Dementia","YLLs",FALSE,"25+","Khulna","BGD","0.7.0","gbd2021",2021,"gbd2023","0.7.0"
"scenario","BGD.4_1","PM25",17911762.7688621,"central",-4987.46112801824,"Dementia","YLDs",FALSE,"25+","Khulna","BGD","0.7.0","gbd2021",2021,"gbd2023","0.7.0"
"scenario","BGD.4_1","PM25",17911762.7688621,"central",-787.99582401239,"Dementia","Deaths",FALSE,"25+","Khulna","BGD","0.7.0","gbd2021",2021,"gbd2023","0.7.0"
"scenario","BGD.4_1","PM25",17911762.7688621,"central",-146367.387651825,"IHD","YLLs",FALSE,"25+","Khulna","BGD","0.7.0","gbd2021",2021,"gbd2023","0.7.0"
"scenario","BGD.4_1","PM25",17911762.7688621,"central",-6117.73215559437,"IHD","Deaths",FALSE,"25+","Khulna","BGD","0.7.0","gbd2021",2021,"gbd2023","0.7.0"
"scenario","BGD.4_1","PM25",17911762.7688621,"central",-16816.9145857759,"LRI","YLLs",FALSE,"25+","Khulna","BGD","0.7.0","gbd2021",2021,"gbd2023","0.7.0"
"scenario","BGD.4_1","PM25",17911762.7688621,"central",-833.765747031242,"LRI","Deaths",FALSE,"25+","Khulna","BGD","0.7.0","gbd2021",2021,"gbd2023","0.7.0"
"scenario","BGD.4_1","PM25",17911762.7688621,"central",-159179.618495725,"Stroke","YLLs",FALSE,"25+","Khulna","BGD","0.7.0","gbd2021",2021,"gbd2023","0.7.0"
"scenario","BGD.4_1","PM25",17911762.7688621,"central",-8485.03130017064,"Stroke","YLDs",FALSE,"25+","Khulna","BGD","0.7.0","gbd2021",2021,"gbd2023","0.7.0"
"scenario","BGD.4_1","PM25",17911762.7688621,"central",-7633.56609747702,"Stroke","Deaths",FALSE,"25+","Khulna","BGD","0.7.0","gbd2021",2021,"gbd2023","0.7.0"
"scenario","BGD.4_1","PM25",17911762.7688621,"central",-24977.1521718555,"Asthma.0to17","AsthmaERV",FALSE,"0-18","Khulna","BGD","0.7.0","gbd2021",2021,"gbd2023","0.7.0"
"scenario","BGD.4_1","PM25",17911762.7688621,"central",-28987.0573667088,"Asthma.18to99","AsthmaERV",FALSE,"25+","Khulna","BGD","0.7.0","gbd2021",2021,"gbd2023","0.7.0"
"scenario","BGD.4_1","PM25",17911762.7688621,"central",-72182.7380780738,"PTB","PTB",FALSE,"Newborn","Khulna","BGD","0.7.0","gbd2021",2021,"gbd2023","0.7.0"
"scenario","BGD.4_1","PM25",17911762.7688621,"central",-58857.6579560631,"LBW","LBW",FALSE,"Newborn","Khulna","BGD","0.7.0","gbd2021",2021,"gbd2023","0.7.0"
"scenario","BGD.4_1","PM25",17911762.7688621,"central",-20911159.9564939,"Absences","Absences",FALSE,"25+","Khulna","BGD","0.7.0","gbd2021",2021,"gbd2023","0.7.0"
"scenario","BGD.4_1","PM25",17911762.7688621,"low",-17544.9545364679,"LRI.child","YLLs",FALSE,"0-4","Khulna","BGD","0.7.0","gbd2021",2021,"gbd2023","0.7.0"
"scenario","BGD.4_1","PM25",17911762.7688621,"low",-196.408716305508,"LRI.child","Deaths.child",FALSE,"0-4","Khulna","BGD","0.7.0","gbd2021",2021,"gbd2023","0.7.0"
"scenario","BGD.4_1","PM25",17911762.7688621,"low",-48936.8382536257,"COPD","YLLs",FALSE,"25+","Khulna","BGD","0.7.0","gbd2021",2021,"gbd2023","0.7.0"
"scenario","BGD.4_1","PM25",17911762.7688621,"low",-12437.1020065246,"COPD","YLDs",FALSE,"25+","Khulna","BGD","0.7.0","gbd2021",2021,"gbd2023","0.7.0"
"scenario","BGD.4_1","PM25",17911762.7688621,"low",-2615.73701183434,"COPD","Deaths",FALSE,"25+","Khulna","BGD","0.7.0","gbd2021",2021,"gbd2023","0.7.0"
"scenario","BGD.4_1","PM25",17911762.7688621,"low",-9498.9537561685,"Diabetes","YLDs",FALSE,"25+","Khulna","BGD","0.7.0","gbd2021",2021,"gbd2023","0.7.0"
"scenario","BGD.4_1","PM25",17911762.7688621,"low",-586.1581672387,"Diabetes","Deaths",FALSE,"25+","Khulna","BGD","0.7.0","gbd2021",2021,"gbd2023","0.7.0"
"scenario","BGD.4_1","PM25",17911762.7688621,"low",-3747.28815691462,"LC","YLLs",FALSE,"25+","Khulna","BGD","0.7.0","gbd2021",2021,"gbd2023","0.7.0"
"scenario","BGD.4_1","PM25",17911762.7688621,"low",-142.240614255061,"LC","Deaths",FALSE,"25+","Khulna","BGD","0.7.0","gbd2021",2021,"gbd2023","0.7.0"
"scenario","BGD.4_1","PM25",17911762.7688621,"low",-703.734864280249,"Dementia","YLLs",FALSE,"25+","Khulna","BGD","0.7.0","gbd2021",2021,"gbd2023","0.7.0"
"scenario","BGD.4_1","PM25",17911762.7688621,"low",-904.303757896647,"Dementia","YLDs",FALSE,"25+","Khulna","BGD","0.7.0","gbd2021",2021,"gbd2023","0.7.0"
"scenario","BGD.4_1","PM25",17911762.7688621,"low",-49.2504097704805,"Dementia","Deaths",FALSE,"25+","Khulna","BGD","0.7.0","gbd2021",2021,"gbd2023","0.7.0"
"scenario","BGD.4_1","PM25",17911762.7688621,"low",-86679.5496898916,"IHD","YLLs",FALSE,"25+","Khulna","BGD","0.7.0","gbd2021",2021,"gbd2023","0.7.0"
"scenario","BGD.4_1","PM25",17911762.7688621,"low",-3700.32547271742,"IHD","Deaths",FALSE,"25+","Khulna","BGD","0.7.0","gbd2021",2021,"gbd2023","0.7.0"
"scenario","BGD.4_1","PM25",17911762.7688621,"low",-6039.04816544658,"LRI","YLLs",FALSE,"25+","Khulna","BGD","0.7.0","gbd2021",2021,"gbd2023","0.7.0"
"scenario","BGD.4_1","PM25",17911762.7688621,"low",-302.908723647246,"LRI","Deaths",FALSE,"25+","Khulna","BGD","0.7.0","gbd2021",2021,"gbd2023","0.7.0"
"scenario","BGD.4_1","PM25",17911762.7688621,"low",-81311.1459219543,"Stroke","YLLs",FALSE,"25+","Khulna","BGD","0.7.0","gbd2021",2021,"gbd2023","0.7.0"
"scenario","BGD.4_1","PM25",17911762.7688621,"low",-3871.94201635753,"Stroke","YLDs",FALSE,"25+","Khulna","BGD","0.7.0","gbd2021",2021,"gbd2023","0.7.0"
"scenario","BGD.4_1","PM25",17911762.7688621,"low",-4000.52069077611,"Stroke","Deaths",FALSE,"25+","Khulna","BGD","0.7.0","gbd2021",2021,"gbd2023","0.7.0"
"scenario","BGD.4_1","PM25",17911762.7688621,"low",-12649.3699906365,"Asthma.0to17","AsthmaERV",FALSE,"0-18","Khulna","BGD","0.7.0","gbd2021",2021,"gbd2023","0.7.0"
"scenario","BGD.4_1","PM25",17911762.7688621,"low",-18574.4492452919,"Asthma.18to99","AsthmaERV",FALSE,"25+","Khulna","BGD","0.7.0","gbd2021",2021,"gbd2023","0.7.0"
"scenario","BGD.4_1","PM25",17911762.7688621,"low",-28585.5350366248,"PTB","PTB",FALSE,"Newborn","Khulna","BGD","0.7.0","gbd2021",2021,"gbd2023","0.7.0"
"scenario","BGD.4_1","PM25",17911762.7688621,"low",-15022.7046924817,"LBW","LBW",FALSE,"Newborn","Khulna","BGD","0.7.0","gbd2021",2021,"gbd2023","0.7.0"
"scenario","BGD.4_1","PM25",17911762.7688621,"low",-17419712.2145773,"Absences","Absences",FALSE,"25+","Khulna","BGD","0.7.0","gbd2021",2021,"gbd2023","0.7.0"
"scenario","BGD.4_1","PM25",17911762.7688621,"high",-88165.2330693417,"LRI.child","YLLs",FALSE,"0-4","Khulna","BGD","0.7.0","gbd2021",2021,"gbd2023","0.7.0"
"scenario","BGD.4_1","PM25",17911762.7688621,"high",-986.643098674513,"LRI.child","Deaths.child",FALSE,"0-4","Khulna","BGD","0.7.0","gbd2021",2021,"gbd2023","0.7.0"
"scenario","BGD.4_1","PM25",17911762.7688621,"high",-105103.167878808,"COPD","YLLs",FALSE,"25+","Khulna","BGD","0.7.0","gbd2021",2021,"gbd2023","0.7.0"
"scenario","BGD.4_1","PM25",17911762.7688621,"high",-24424.1335648001,"COPD","YLDs",FALSE,"25+","Khulna","BGD","0.7.0","gbd2021",2021,"gbd2023","0.7.0"
"scenario","BGD.4_1","PM25",17911762.7688621,"high",-5444.59552153464,"COPD","Deaths",FALSE,"25+","Khulna","BGD","0.7.0","gbd2021",2021,"gbd2023","0.7.0"
"scenario","BGD.4_1","PM25",17911762.7688621,"high",-40433.0779796822,"Diabetes","YLDs",FALSE,"25+","Khulna","BGD","0.7.0","gbd2021",2021,"gbd2023","0.7.0"
"scenario","BGD.4_1","PM25",17911762.7688621,"high",-1757.55124249217,"Diabetes","Deaths",FALSE,"25+","Khulna","BGD","0.7.0","gbd2021",2021,"gbd2023","0.7.0"
"scenario","BGD.4_1","PM25",17911762.7688621,"high",-13560.6448431507,"LC","YLLs",FALSE,"25+","Khulna","BGD","0.7.0","gbd2021",2021,"gbd2023","0.7.0"
"scenario","BGD.4_1","PM25",17911762.7688621,"high",-500.355741623794,"LC","Deaths",FALSE,"25+","Khulna","BGD","0.7.0","gbd2021",2021,"gbd2023","0.7.0"
"scenario","BGD.4_1","PM25",17911762.7688621,"high",-46130.8586856573,"Dementia","YLLs",FALSE,"25+","Khulna","BGD","0.7.0","gbd2021",2021,"gbd2023","0.7.0"
"scenario","BGD.4_1","PM25",17911762.7688621,"high",-9463.48095923553,"Dementia","YLDs",FALSE,"25+","Khulna","BGD","0.7.0","gbd2021",2021,"gbd2023","0.7.0"
"scenario","BGD.4_1","PM25",17911762.7688621,"high",-3143.61049474294,"Dementia","Deaths",FALSE,"25+","Khulna","BGD","0.7.0","gbd2021",2021,"gbd2023","0.7.0"
"scenario","BGD.4_1","PM25",17911762.7688621,"high",-217465.671112425,"IHD","YLLs",FALSE,"25+","Khulna","BGD","0.7.0","gbd2021",2021,"gbd2023","0.7.0"
"scenario","BGD.4_1","PM25",17911762.7688621,"high",-8949.78168612814,"IHD","Deaths",FALSE,"25+","Khulna","BGD","0.7.0","gbd2021",2021,"gbd2023","0.7.0"
"scenario","BGD.4_1","PM25",17911762.7688621,"high",-30042.4159766925,"LRI","YLLs",FALSE,"25+","Khulna","BGD","0.7.0","gbd2021",2021,"gbd2023","0.7.0"
"scenario","BGD.4_1","PM25",17911762.7688621,"high",-1483.88509597096,"LRI","Deaths",FALSE,"25+","Khulna","BGD","0.7.0","gbd2021",2021,"gbd2023","0.7.0"
"scenario","BGD.4_1","PM25",17911762.7688621,"high",-251508.982568054,"Stroke","YLLs",FALSE,"25+","Khulna","BGD","0.7.0","gbd2021",2021,"gbd2023","0.7.0"
"scenario","BGD.4_1","PM25",17911762.7688621,"high",-13879.9287362568,"Stroke","YLDs",FALSE,"25+","Khulna","BGD","0.7.0","gbd2021",2021,"gbd2023","0.7.0"
"scenario","BGD.4_1","PM25",17911762.7688621,"high",-11957.7760933714,"Stroke","Deaths",FALSE,"25+","Khulna","BGD","0.7.0","gbd2021",2021,"gbd2023","0.7.0"
"scenario","BGD.4_1","PM25",17911762.7688621,"high",-37956.5875676669,"Asthma.0to17","AsthmaERV",FALSE,"0-18","Khulna","BGD","0.7.0","gbd2021",2021,"gbd2023","0.7.0"
"scenario","BGD.4_1","PM25",17911762.7688621,"high",-39764.1795671475,"Asthma.18to99","AsthmaERV",FALSE,"25+","Khulna","BGD","0.7.0","gbd2021",2021,"gbd2023","0.7.0"
"scenario","BGD.4_1","PM25",17911762.7688621,"high",-78584.3068569504,"PTB","PTB",FALSE,"Newborn","Khulna","BGD","0.7.0","gbd2021",2021,"gbd2023","0.7.0"
"scenario","BGD.4_1","PM25",17911762.7688621,"high",-127398.156796147,"LBW","LBW",FALSE,"Newborn","Khulna","BGD","0.7.0","gbd2021",2021,"gbd2023","0.7.0"
"scenario","BGD.4_1","PM25",17911762.7688621,"high",-24521409.5318057,"Absences","Absences",FALSE,"25+","Khulna","BGD","0.7.0","gbd2021",2021,"gbd2023","0.7.0"
"scenario","BGD.5_1","PM25",22033272.8079436,"central",-60798.8681690347,"LRI.child","YLLs",FALSE,"0-4","Rajshahi","BGD","0.7.0","gbd2021",2021,"gbd2023","0.7.0"
"scenario","BGD.5_1","PM25",22033272.8079436,"central",-680.43105777872,"LRI.child","Deaths.child",FALSE,"0-4","Rajshahi","BGD","0.7.0","gbd2021",2021,"gbd2023","0.7.0"
"scenario","BGD.5_1","PM25",22033272.8079436,"central",-89429.9445518587,"COPD","YLLs",FALSE,"25+","Rajshahi","BGD","0.7.0","gbd2021",2021,"gbd2023","0.7.0"
"scenario","BGD.5_1","PM25",22033272.8079436,"central",-22391.8265071096,"COPD","YLDs",FALSE,"25+","Rajshahi","BGD","0.7.0","gbd2021",2021,"gbd2023","0.7.0"
"scenario","BGD.5_1","PM25",22033272.8079436,"central",-4668.6321000277,"COPD","Deaths",FALSE,"25+","Rajshahi","BGD","0.7.0","gbd2021",2021,"gbd2023","0.7.0"
"scenario","BGD.5_1","PM25",22033272.8079436,"central",-27313.1181737761,"Diabetes","YLDs",FALSE,"25+","Rajshahi","BGD","0.7.0","gbd2021",2021,"gbd2023","0.7.0"
"scenario","BGD.5_1","PM25",22033272.8079436,"central",-1390.85429211679,"Diabetes","Deaths",FALSE,"25+","Rajshahi","BGD","0.7.0","gbd2021",2021,"gbd2023","0.7.0"
"scenario","BGD.5_1","PM25",22033272.8079436,"central",-9196.16784936407,"LC","YLLs",FALSE,"25+","Rajshahi","BGD","0.7.0","gbd2021",2021,"gbd2023","0.7.0"
"scenario","BGD.5_1","PM25",22033272.8079436,"central",-348.249551401437,"LC","Deaths",FALSE,"25+","Rajshahi","BGD","0.7.0","gbd2021",2021,"gbd2023","0.7.0"
"scenario","BGD.5_1","PM25",22033272.8079436,"central",-14096.9286696964,"Dementia","YLLs",FALSE,"25+","Rajshahi","BGD","0.7.0","gbd2021",2021,"gbd2023","0.7.0"
"scenario","BGD.5_1","PM25",22033272.8079436,"central",-6135.0796719838,"Dementia","YLDs",FALSE,"25+","Rajshahi","BGD","0.7.0","gbd2021",2021,"gbd2023","0.7.0"
"scenario","BGD.5_1","PM25",22033272.8079436,"central",-969.314253768928,"Dementia","Deaths",FALSE,"25+","Rajshahi","BGD","0.7.0","gbd2021",2021,"gbd2023","0.7.0"
"scenario","BGD.5_1","PM25",22033272.8079436,"central",-180046.633261862,"IHD","YLLs",FALSE,"25+","Rajshahi","BGD","0.7.0","gbd2021",2021,"gbd2023","0.7.0"
"scenario","BGD.5_1","PM25",22033272.8079436,"central",-7525.42691021288,"IHD","Deaths",FALSE,"25+","Rajshahi","BGD","0.7.0","gbd2021",2021,"gbd2023","0.7.0"
"scenario","BGD.5_1","PM25",22033272.8079436,"central",-20686.4992372731,"LRI","YLLs",FALSE,"25+","Rajshahi","BGD","0.7.0","gbd2021",2021,"gbd2023","0.7.0"
"scenario","BGD.5_1","PM25",22033272.8079436,"central",-1025.61587038176,"LRI","Deaths",FALSE,"25+","Rajshahi","BGD","0.7.0","gbd2021",2021,"gbd2023","0.7.0"
"scenario","BGD.5_1","PM25",22033272.8079436,"central",-195806.968026495,"Stroke","YLLs",FALSE,"25+","Rajshahi","BGD","0.7.0","gbd2021",2021,"gbd2023","0.7.0"
"scenario","BGD.5_1","PM25",22033272.8079436,"central",-10437.4433623922,"Stroke","YLDs",FALSE,"25+","Rajshahi","BGD","0.7.0","gbd2021",2021,"gbd2023","0.7.0"
"scenario","BGD.5_1","PM25",22033272.8079436,"central",-9390.05537833326,"Stroke","Deaths",FALSE,"25+","Rajshahi","BGD","0.7.0","gbd2021",2021,"gbd2023","0.7.0"
"scenario","BGD.5_1","PM25",22033272.8079436,"central",-30724.4136085091,"Asthma.0to17","AsthmaERV",FALSE,"0-18","Rajshahi","BGD","0.7.0","gbd2021",2021,"gbd2023","0.7.0"
"scenario","BGD.5_1","PM25",22033272.8079436,"central",-35657.0009943683,"Asthma.18to99","AsthmaERV",FALSE,"25+","Rajshahi","BGD","0.7.0","gbd2021",2021,"gbd2023","0.7.0"
"scenario","BGD.5_1","PM25",22033272.8079436,"central",-88792.0402152374,"PTB","PTB",FALSE,"Newborn","Rajshahi","BGD","0.7.0","gbd2021",2021,"gbd2023","0.7.0"
"scenario","BGD.5_1","PM25",22033272.8079436,"central",-72400.8491691844,"LBW","LBW",FALSE,"Newborn","Rajshahi","BGD","0.7.0","gbd2021",2021,"gbd2023","0.7.0"
"scenario","BGD.5_1","PM25",22033272.8079436,"central",-25722833.5366819,"Absences","Absences",FALSE,"25+","Rajshahi","BGD","0.7.0","gbd2021",2021,"gbd2023","0.7.0"
"scenario","BGD.5_1","PM25",22033272.8079436,"low",-21582.0617263305,"LRI.child","YLLs",FALSE,"0-4","Rajshahi","BGD","0.7.0","gbd2021",2021,"gbd2023","0.7.0"
"scenario","BGD.5_1","PM25",22033272.8079436,"low",-241.602509147805,"LRI.child","Deaths.child",FALSE,"0-4","Rajshahi","BGD","0.7.0","gbd2021",2021,"gbd2023","0.7.0"
"scenario","BGD.5_1","PM25",22033272.8079436,"low",-60197.2414169522,"COPD","YLLs",FALSE,"25+","Rajshahi","BGD","0.7.0","gbd2021",2021,"gbd2023","0.7.0"
"scenario","BGD.5_1","PM25",22033272.8079436,"low",-15298.8885005981,"COPD","YLDs",FALSE,"25+","Rajshahi","BGD","0.7.0","gbd2021",2021,"gbd2023","0.7.0"
"scenario","BGD.5_1","PM25",22033272.8079436,"low",-3217.62005891304,"COPD","Deaths",FALSE,"25+","Rajshahi","BGD","0.7.0","gbd2021",2021,"gbd2023","0.7.0"
"scenario","BGD.5_1","PM25",22033272.8079436,"low",-11684.6701355122,"Diabetes","YLDs",FALSE,"25+","Rajshahi","BGD","0.7.0","gbd2021",2021,"gbd2023","0.7.0"
"scenario","BGD.5_1","PM25",22033272.8079436,"low",-721.033600881877,"Diabetes","Deaths",FALSE,"25+","Rajshahi","BGD","0.7.0","gbd2021",2021,"gbd2023","0.7.0"
"scenario","BGD.5_1","PM25",22033272.8079436,"low",-4609.54197064346,"LC","YLLs",FALSE,"25+","Rajshahi","BGD","0.7.0","gbd2021",2021,"gbd2023","0.7.0"
"scenario","BGD.5_1","PM25",22033272.8079436,"low",-174.970286213233,"LC","Deaths",FALSE,"25+","Rajshahi","BGD","0.7.0","gbd2021",2021,"gbd2023","0.7.0"
"scenario","BGD.5_1","PM25",22033272.8079436,"low",-865.664784043653,"Dementia","YLLs",FALSE,"25+","Rajshahi","BGD","0.7.0","gbd2021",2021,"gbd2023","0.7.0"
"scenario","BGD.5_1","PM25",22033272.8079436,"low",-1112.38473041989,"Dementia","YLDs",FALSE,"25+","Rajshahi","BGD","0.7.0","gbd2021",2021,"gbd2023","0.7.0"
"scenario","BGD.5_1","PM25",22033272.8079436,"low",-60.5829659748762,"Dementia","Deaths",FALSE,"25+","Rajshahi","BGD","0.7.0","gbd2021",2021,"gbd2023","0.7.0"
"scenario","BGD.5_1","PM25",22033272.8079436,"low",-106624.579045185,"IHD","YLLs",FALSE,"25+","Rajshahi","BGD","0.7.0","gbd2021",2021,"gbd2023","0.7.0"
"scenario","BGD.5_1","PM25",22033272.8079436,"low",-4551.77313761105,"IHD","Deaths",FALSE,"25+","Rajshahi","BGD","0.7.0","gbd2021",2021,"gbd2023","0.7.0"
"scenario","BGD.5_1","PM25",22033272.8079436,"low",-7428.63767495343,"LRI","YLLs",FALSE,"25+","Rajshahi","BGD","0.7.0","gbd2021",2021,"gbd2023","0.7.0"
"scenario","BGD.5_1","PM25",22033272.8079436,"low",-372.608248007174,"LRI","Deaths",FALSE,"25+","Rajshahi","BGD","0.7.0","gbd2021",2021,"gbd2023","0.7.0"
"scenario","BGD.5_1","PM25",22033272.8079436,"low",-100020.901546296,"Stroke","YLLs",FALSE,"25+","Rajshahi","BGD","0.7.0","gbd2021",2021,"gbd2023","0.7.0"
"scenario","BGD.5_1","PM25",22033272.8079436,"low",-4762.87877657987,"Stroke","YLDs",FALSE,"25+","Rajshahi","BGD","0.7.0","gbd2021",2021,"gbd2023","0.7.0"
"scenario","BGD.5_1","PM25",22033272.8079436,"low",-4921.04350035977,"Stroke","Deaths",FALSE,"25+","Rajshahi","BGD","0.7.0","gbd2021",2021,"gbd2023","0.7.0"
"scenario","BGD.5_1","PM25",22033272.8079436,"low",-15559.9995069617,"Asthma.0to17","AsthmaERV",FALSE,"0-18","Rajshahi","BGD","0.7.0","gbd2021",2021,"gbd2023","0.7.0"
"scenario","BGD.5_1","PM25",22033272.8079436,"low",-22848.4439393242,"Asthma.18to99","AsthmaERV",FALSE,"25+","Rajshahi","BGD","0.7.0","gbd2021",2021,"gbd2023","0.7.0"
"scenario","BGD.5_1","PM25",22033272.8079436,"low",-35163.0880751674,"PTB","PTB",FALSE,"Newborn","Rajshahi","BGD","0.7.0","gbd2021",2021,"gbd2023","0.7.0"
"scenario","BGD.5_1","PM25",22033272.8079436,"low",-18479.4403026619,"LBW","LBW",FALSE,"Newborn","Rajshahi","BGD","0.7.0","gbd2021",2021,"gbd2023","0.7.0"
"scenario","BGD.5_1","PM25",22033272.8079436,"low",-21428001.0522958,"Absences","Absences",FALSE,"25+","Rajshahi","BGD","0.7.0","gbd2021",2021,"gbd2023","0.7.0"
"scenario","BGD.5_1","PM25",22033272.8079436,"high",-108452.119283855,"LRI.child","YLLs",FALSE,"0-4","Rajshahi","BGD","0.7.0","gbd2021",2021,"gbd2023","0.7.0"
"scenario","BGD.5_1","PM25",22033272.8079436,"high",-1213.67041522913,"LRI.child","Deaths.child",FALSE,"0-4","Rajshahi","BGD","0.7.0","gbd2021",2021,"gbd2023","0.7.0"
"scenario","BGD.5_1","PM25",22033272.8079436,"high",-129287.485589002,"COPD","YLLs",FALSE,"25+","Rajshahi","BGD","0.7.0","gbd2021",2021,"gbd2023","0.7.0"
"scenario","BGD.5_1","PM25",22033272.8079436,"high",-30044.1450054489,"COPD","YLDs",FALSE,"25+","Rajshahi","BGD","0.7.0","gbd2021",2021,"gbd2023","0.7.0"
"scenario","BGD.5_1","PM25",22033272.8079436,"high",-6697.40103209855,"COPD","Deaths",FALSE,"25+","Rajshahi","BGD","0.7.0","gbd2021",2021,"gbd2023","0.7.0"
"scenario","BGD.5_1","PM25",22033272.8079436,"high",-49736.7595298823,"Diabetes","YLDs",FALSE,"25+","Rajshahi","BGD","0.7.0","gbd2021",2021,"gbd2023","0.7.0"
"scenario","BGD.5_1","PM25",22033272.8079436,"high",-2161.96510078222,"Diabetes","Deaths",FALSE,"25+","Rajshahi","BGD","0.7.0","gbd2021",2021,"gbd2023","0.7.0"
"scenario","BGD.5_1","PM25",22033272.8079436,"high",-16680.9593860962,"LC","YLLs",FALSE,"25+","Rajshahi","BGD","0.7.0","gbd2021",2021,"gbd2023","0.7.0"
"scenario","BGD.5_1","PM25",22033272.8079436,"high",-615.487972818799,"LC","Deaths",FALSE,"25+","Rajshahi","BGD","0.7.0","gbd2021",2021,"gbd2023","0.7.0"
"scenario","BGD.5_1","PM25",22033272.8079436,"high",-56745.6038471403,"Dementia","YLLs",FALSE,"25+","Rajshahi","BGD","0.7.0","gbd2021",2021,"gbd2023","0.7.0"
"scenario","BGD.5_1","PM25",22033272.8079436,"high",-11641.0350214161,"Dementia","YLDs",FALSE,"25+","Rajshahi","BGD","0.7.0","gbd2021",2021,"gbd2023","0.7.0"
"scenario","BGD.5_1","PM25",22033272.8079436,"high",-3866.95762591253,"Dementia","Deaths",FALSE,"25+","Rajshahi","BGD","0.7.0","gbd2021",2021,"gbd2023","0.7.0"
"scenario","BGD.5_1","PM25",22033272.8079436,"high",-267504.685039267,"IHD","YLLs",FALSE,"25+","Rajshahi","BGD","0.7.0","gbd2021",2021,"gbd2023","0.7.0"
"scenario","BGD.5_1","PM25",22033272.8079436,"high",-11009.1331605171,"IHD","Deaths",FALSE,"25+","Rajshahi","BGD","0.7.0","gbd2021",2021,"gbd2023","0.7.0"
"scenario","BGD.5_1","PM25",22033272.8079436,"high",-36955.1984115657,"LRI","YLLs",FALSE,"25+","Rajshahi","BGD","0.7.0","gbd2021",2021,"gbd2023","0.7.0"
"scenario","BGD.5_1","PM25",22033272.8079436,"high",-1825.32816881692,"LRI","Deaths",FALSE,"25+","Rajshahi","BGD","0.7.0","gbd2021",2021,"gbd2023","0.7.0"
"scenario","BGD.5_1","PM25",22033272.8079436,"high",-309381.387978397,"Stroke","YLLs",FALSE,"25+","Rajshahi","BGD","0.7.0","gbd2021",2021,"gbd2023","0.7.0"
"scenario","BGD.5_1","PM25",22033272.8079436,"high",-17073.7107423287,"Stroke","YLDs",FALSE,"25+","Rajshahi","BGD","0.7.0","gbd2021",2021,"gbd2023","0.7.0"
"scenario","BGD.5_1","PM25",22033272.8079436,"high",-14709.269335544,"Stroke","Deaths",FALSE,"25+","Rajshahi","BGD","0.7.0","gbd2021",2021,"gbd2023","0.7.0"
"scenario","BGD.5_1","PM25",22033272.8079436,"high",-46690.4268177806,"Asthma.0to17","AsthmaERV",FALSE,"0-18","Rajshahi","BGD","0.7.0","gbd2021",2021,"gbd2023","0.7.0"
"scenario","BGD.5_1","PM25",22033272.8079436,"high",-48913.9470912429,"Asthma.18to99","AsthmaERV",FALSE,"25+","Rajshahi","BGD","0.7.0","gbd2021",2021,"gbd2023","0.7.0"
"scenario","BGD.5_1","PM25",22033272.8079436,"high",-96666.6147685029,"PTB","PTB",FALSE,"Newborn","Rajshahi","BGD","0.7.0","gbd2021",2021,"gbd2023","0.7.0"
"scenario","BGD.5_1","PM25",22033272.8079436,"high",-156712.568167687,"LBW","LBW",FALSE,"Newborn","Rajshahi","BGD","0.7.0","gbd2021",2021,"gbd2023","0.7.0"
"scenario","BGD.5_1","PM25",22033272.8079436,"high",-30163804.2453768,"Absences","Absences",FALSE,"25+","Rajshahi","BGD","0.7.0","gbd2021",2021,"gbd2023","0.7.0"
"scenario","BGD.6_1","PM25",18456907.9806026,"central",-50930.2056440799,"LRI.child","YLLs",FALSE,"0-4","Rangpur","BGD","0.7.0","gbd2021",2021,"gbd2023","0.7.0"
"scenario","BGD.6_1","PM25",18456907.9806026,"central",-569.985835968881,"LRI.child","Deaths.child",FALSE,"0-4","Rangpur","BGD","0.7.0","gbd2021",2021,"gbd2023","0.7.0"
"scenario","BGD.6_1","PM25",18456907.9806026,"central",-74913.9844857265,"COPD","YLLs",FALSE,"25+","Rangpur","BGD","0.7.0","gbd2021",2021,"gbd2023","0.7.0"
"scenario","BGD.6_1","PM25",18456907.9806026,"central",-18757.2624803313,"COPD","YLDs",FALSE,"25+","Rangpur","BGD","0.7.0","gbd2021",2021,"gbd2023","0.7.0"
"scenario","BGD.6_1","PM25",18456907.9806026,"central",-3910.83584434327,"COPD","Deaths",FALSE,"25+","Rangpur","BGD","0.7.0","gbd2021",2021,"gbd2023","0.7.0"
"scenario","BGD.6_1","PM25",18456907.9806026,"central",-22879.7470621327,"Diabetes","YLDs",FALSE,"25+","Rangpur","BGD","0.7.0","gbd2021",2021,"gbd2023","0.7.0"
"scenario","BGD.6_1","PM25",18456907.9806026,"central",-1165.09562187107,"Diabetes","Deaths",FALSE,"25+","Rangpur","BGD","0.7.0","gbd2021",2021,"gbd2023","0.7.0"
"scenario","BGD.6_1","PM25",18456907.9806026,"central",-7703.47761085665,"LC","YLLs",FALSE,"25+","Rangpur","BGD","0.7.0","gbd2021",2021,"gbd2023","0.7.0"
"scenario","BGD.6_1","PM25",18456907.9806026,"central",-291.722885679752,"LC","Deaths",FALSE,"25+","Rangpur","BGD","0.7.0","gbd2021",2021,"gbd2023","0.7.0"
"scenario","BGD.6_1","PM25",18456907.9806026,"central",-11808.7638424693,"Dementia","YLLs",FALSE,"25+","Rangpur","BGD","0.7.0","gbd2021",2021,"gbd2023","0.7.0"
"scenario","BGD.6_1","PM25",18456907.9806026,"central",-5139.25470566714,"Dementia","YLDs",FALSE,"25+","Rangpur","BGD","0.7.0","gbd2021",2021,"gbd2023","0.7.0"
"scenario","BGD.6_1","PM25",18456907.9806026,"central",-811.978508233682,"Dementia","Deaths",FALSE,"25+","Rangpur","BGD","0.7.0","gbd2021",2021,"gbd2023","0.7.0"
"scenario","BGD.6_1","PM25",18456907.9806026,"central",-150822.084912118,"IHD","YLLs",FALSE,"25+","Rangpur","BGD","0.7.0","gbd2021",2021,"gbd2023","0.7.0"
"scenario","BGD.6_1","PM25",18456907.9806026,"central",-6303.92557688821,"IHD","Deaths",FALSE,"25+","Rangpur","BGD","0.7.0","gbd2021",2021,"gbd2023","0.7.0"
"scenario","BGD.6_1","PM25",18456907.9806026,"central",-17328.7380495516,"LRI","YLLs",FALSE,"25+","Rangpur","BGD","0.7.0","gbd2021",2021,"gbd2023","0.7.0"
"scenario","BGD.6_1","PM25",18456907.9806026,"central",-859.141440678639,"LRI","Deaths",FALSE,"25+","Rangpur","BGD","0.7.0","gbd2021",2021,"gbd2023","0.7.0"
"scenario","BGD.6_1","PM25",18456907.9806026,"central",-164024.256510952,"Stroke","YLLs",FALSE,"25+","Rangpur","BGD","0.7.0","gbd2021",2021,"gbd2023","0.7.0"
"scenario","BGD.6_1","PM25",18456907.9806026,"central",-8743.27356501373,"Stroke","YLDs",FALSE,"25+","Rangpur","BGD","0.7.0","gbd2021",2021,"gbd2023","0.7.0"
"scenario","BGD.6_1","PM25",18456907.9806026,"central",-7865.89398503617,"Stroke","Deaths",FALSE,"25+","Rangpur","BGD","0.7.0","gbd2021",2021,"gbd2023","0.7.0"
"scenario","BGD.6_1","PM25",18456907.9806026,"central",-25737.3327908777,"Asthma.0to17","AsthmaERV",FALSE,"0-18","Rangpur","BGD","0.7.0","gbd2021",2021,"gbd2023","0.7.0"
"scenario","BGD.6_1","PM25",18456907.9806026,"central",-29869.2796097028,"Asthma.18to99","AsthmaERV",FALSE,"25+","Rangpur","BGD","0.7.0","gbd2021",2021,"gbd2023","0.7.0"
"scenario","BGD.6_1","PM25",18456907.9806026,"central",-74379.622580253,"PTB","PTB",FALSE,"Newborn","Rangpur","BGD","0.7.0","gbd2021",2021,"gbd2023","0.7.0"
"scenario","BGD.6_1","PM25",18456907.9806026,"central",-60648.9931151475,"LBW","LBW",FALSE,"Newborn","Rangpur","BGD","0.7.0","gbd2021",2021,"gbd2023","0.7.0"
"scenario","BGD.6_1","PM25",18456907.9806026,"central",-21547591.9408465,"Absences","Absences",FALSE,"25+","Rangpur","BGD","0.7.0","gbd2021",2021,"gbd2023","0.7.0"
"scenario","BGD.6_1","PM25",18456907.9806026,"low",-18078.9359250779,"LRI.child","YLLs",FALSE,"0-4","Rangpur","BGD","0.7.0","gbd2021",2021,"gbd2023","0.7.0"
"scenario","BGD.6_1","PM25",18456907.9806026,"low",-202.386423392176,"LRI.child","Deaths.child",FALSE,"0-4","Rangpur","BGD","0.7.0","gbd2021",2021,"gbd2023","0.7.0"
"scenario","BGD.6_1","PM25",18456907.9806026,"low",-50426.2328707812,"COPD","YLLs",FALSE,"25+","Rangpur","BGD","0.7.0","gbd2021",2021,"gbd2023","0.7.0"
"scenario","BGD.6_1","PM25",18456907.9806026,"low",-12815.6257003834,"COPD","YLDs",FALSE,"25+","Rangpur","BGD","0.7.0","gbd2021",2021,"gbd2023","0.7.0"
"scenario","BGD.6_1","PM25",18456907.9806026,"low",-2695.34707174727,"COPD","Deaths",FALSE,"25+","Rangpur","BGD","0.7.0","gbd2021",2021,"gbd2023","0.7.0"
"scenario","BGD.6_1","PM25",18456907.9806026,"low",-9788.05479125635,"Diabetes","YLDs",FALSE,"25+","Rangpur","BGD","0.7.0","gbd2021",2021,"gbd2023","0.7.0"
"scenario","BGD.6_1","PM25",18456907.9806026,"low",-603.997914354414,"Diabetes","Deaths",FALSE,"25+","Rangpur","BGD","0.7.0","gbd2021",2021,"gbd2023","0.7.0"
"scenario","BGD.6_1","PM25",18456907.9806026,"low",-3861.3370208996,"LC","YLLs",FALSE,"25+","Rangpur","BGD","0.7.0","gbd2021",2021,"gbd2023","0.7.0"
"scenario","BGD.6_1","PM25",18456907.9806026,"low",-146.569713003013,"LC","Deaths",FALSE,"25+","Rangpur","BGD","0.7.0","gbd2021",2021,"gbd2023","0.7.0"
"scenario","BGD.6_1","PM25",18456907.9806026,"low",-725.153062843285,"Dementia","YLLs",FALSE,"25+","Rangpur","BGD","0.7.0","gbd2021",2021,"gbd2023","0.7.0"
"scenario","BGD.6_1","PM25",18456907.9806026,"low",-931.826278708146,"Dementia","YLDs",FALSE,"25+","Rangpur","BGD","0.7.0","gbd2021",2021,"gbd2023","0.7.0"
"scenario","BGD.6_1","PM25",18456907.9806026,"low",-50.7493479492134,"Dementia","Deaths",FALSE,"25+","Rangpur","BGD","0.7.0","gbd2021",2021,"gbd2023","0.7.0"
"scenario","BGD.6_1","PM25",18456907.9806026,"low",-89317.6452296278,"IHD","YLLs",FALSE,"25+","Rangpur","BGD","0.7.0","gbd2021",2021,"gbd2023","0.7.0"
"scenario","BGD.6_1","PM25",18456907.9806026,"low",-3812.94502554242,"IHD","Deaths",FALSE,"25+","Rangpur","BGD","0.7.0","gbd2021",2021,"gbd2023","0.7.0"
"scenario","BGD.6_1","PM25",18456907.9806026,"low",-6222.84683637302,"LRI","YLLs",FALSE,"25+","Rangpur","BGD","0.7.0","gbd2021",2021,"gbd2023","0.7.0"
"scenario","BGD.6_1","PM25",18456907.9806026,"low",-312.12776269001,"LRI","Deaths",FALSE,"25+","Rangpur","BGD","0.7.0","gbd2021",2021,"gbd2023","0.7.0"
"scenario","BGD.6_1","PM25",18456907.9806026,"low",-83785.8538796552,"Stroke","YLLs",FALSE,"25+","Rangpur","BGD","0.7.0","gbd2021",2021,"gbd2023","0.7.0"
"scenario","BGD.6_1","PM25",18456907.9806026,"low",-3989.78472550879,"Stroke","YLDs",FALSE,"25+","Rangpur","BGD","0.7.0","gbd2021",2021,"gbd2023","0.7.0"
"scenario","BGD.6_1","PM25",18456907.9806026,"low",-4122.27669699343,"Stroke","Deaths",FALSE,"25+","Rangpur","BGD","0.7.0","gbd2021",2021,"gbd2023","0.7.0"
"scenario","BGD.6_1","PM25",18456907.9806026,"low",-13034.3540690279,"Asthma.0to17","AsthmaERV",FALSE,"0-18","Rangpur","BGD","0.7.0","gbd2021",2021,"gbd2023","0.7.0"
"scenario","BGD.6_1","PM25",18456907.9806026,"low",-19139.7633462803,"Asthma.18to99","AsthmaERV",FALSE,"25+","Rangpur","BGD","0.7.0","gbd2021",2021,"gbd2023","0.7.0"
"scenario","BGD.6_1","PM25",18456907.9806026,"low",-29455.5369315449,"PTB","PTB",FALSE,"Newborn","Rangpur","BGD","0.7.0","gbd2021",2021,"gbd2023","0.7.0"
"scenario","BGD.6_1","PM25",18456907.9806026,"low",-15479.9213068477,"LBW","LBW",FALSE,"Newborn","Rangpur","BGD","0.7.0","gbd2021",2021,"gbd2023","0.7.0"
"scenario","BGD.6_1","PM25",18456907.9806026,"low",-17949881.8481433,"Absences","Absences",FALSE,"25+","Rangpur","BGD","0.7.0","gbd2021",2021,"gbd2023","0.7.0"
"scenario","BGD.6_1","PM25",18456907.9806026,"high",-90848.5454417735,"LRI.child","YLLs",FALSE,"0-4","Rangpur","BGD","0.7.0","gbd2021",2021,"gbd2023","0.7.0"
"scenario","BGD.6_1","PM25",18456907.9806026,"high",-1016.671620595,"LRI.child","Deaths.child",FALSE,"0-4","Rangpur","BGD","0.7.0","gbd2021",2021,"gbd2023","0.7.0"
"scenario","BGD.6_1","PM25",18456907.9806026,"high",-108301.986970336,"COPD","YLLs",FALSE,"25+","Rangpur","BGD","0.7.0","gbd2021",2021,"gbd2023","0.7.0"
"scenario","BGD.6_1","PM25",18456907.9806026,"high",-25167.4830405379,"COPD","YLDs",FALSE,"25+","Rangpur","BGD","0.7.0","gbd2021",2021,"gbd2023","0.7.0"
"scenario","BGD.6_1","PM25",18456907.9806026,"high",-5610.30200261819,"COPD","Deaths",FALSE,"25+","Rangpur","BGD","0.7.0","gbd2021",2021,"gbd2023","0.7.0"
"scenario","BGD.6_1","PM25",18456907.9806026,"high",-41663.660314933,"Diabetes","YLDs",FALSE,"25+","Rangpur","BGD","0.7.0","gbd2021",2021,"gbd2023","0.7.0"
"scenario","BGD.6_1","PM25",18456907.9806026,"high",-1811.0423844081,"Diabetes","Deaths",FALSE,"25+","Rangpur","BGD","0.7.0","gbd2021",2021,"gbd2023","0.7.0"
"scenario","BGD.6_1","PM25",18456907.9806026,"high",-13973.3636078953,"LC","YLLs",FALSE,"25+","Rangpur","BGD","0.7.0","gbd2021",2021,"gbd2023","0.7.0"
"scenario","BGD.6_1","PM25",18456907.9806026,"high",-515.584088505849,"LC","Deaths",FALSE,"25+","Rangpur","BGD","0.7.0","gbd2021",2021,"gbd2023","0.7.0"
"scenario","BGD.6_1","PM25",18456907.9806026,"high",-47534.8532031437,"Dementia","YLLs",FALSE,"25+","Rangpur","BGD","0.7.0","gbd2021",2021,"gbd2023","0.7.0"
"scenario","BGD.6_1","PM25",18456907.9806026,"high",-9751.50237833898,"Dementia","YLDs",FALSE,"25+","Rangpur","BGD","0.7.0","gbd2021",2021,"gbd2023","0.7.0"
"scenario","BGD.6_1","PM25",18456907.9806026,"high",-3239.28640508762,"Dementia","Deaths",FALSE,"25+","Rangpur","BGD","0.7.0","gbd2021",2021,"gbd2023","0.7.0"
"scenario","BGD.6_1","PM25",18456907.9806026,"high",-224084.247455511,"IHD","YLLs",FALSE,"25+","Rangpur","BGD","0.7.0","gbd2021",2021,"gbd2023","0.7.0"
"scenario","BGD.6_1","PM25",18456907.9806026,"high",-9222.16864743833,"IHD","Deaths",FALSE,"25+","Rangpur","BGD","0.7.0","gbd2021",2021,"gbd2023","0.7.0"
"scenario","BGD.6_1","PM25",18456907.9806026,"high",-30956.7581009242,"LRI","YLLs",FALSE,"25+","Rangpur","BGD","0.7.0","gbd2021",2021,"gbd2023","0.7.0"
"scenario","BGD.6_1","PM25",18456907.9806026,"high",-1529.04719784115,"LRI","Deaths",FALSE,"25+","Rangpur","BGD","0.7.0","gbd2021",2021,"gbd2023","0.7.0"
"scenario","BGD.6_1","PM25",18456907.9806026,"high",-259163.66844828,"Stroke","YLLs",FALSE,"25+","Rangpur","BGD","0.7.0","gbd2021",2021,"gbd2023","0.7.0"
"scenario","BGD.6_1","PM25",18456907.9806026,"high",-14302.3649189773,"Stroke","YLDs",FALSE,"25+","Rangpur","BGD","0.7.0","gbd2021",2021,"gbd2023","0.7.0"
"scenario","BGD.6_1","PM25",18456907.9806026,"high",-12321.7114840133,"Stroke","Deaths",FALSE,"25+","Rangpur","BGD","0.7.0","gbd2021",2021,"gbd2023","0.7.0"
"scenario","BGD.6_1","PM25",18456907.9806026,"high",-39111.7978188048,"Asthma.0to17","AsthmaERV",FALSE,"0-18","Rangpur","BGD","0.7.0","gbd2021",2021,"gbd2023","0.7.0"
"scenario","BGD.6_1","PM25",18456907.9806026,"high",-40974.403952629,"Asthma.18to99","AsthmaERV",FALSE,"25+","Rangpur","BGD","0.7.0","gbd2021",2021,"gbd2023","0.7.0"
"scenario","BGD.6_1","PM25",18456907.9806026,"high",-80976.0233593336,"PTB","PTB",FALSE,"Newborn","Rangpur","BGD","0.7.0","gbd2021",2021,"gbd2023","0.7.0"
"scenario","BGD.6_1","PM25",18456907.9806026,"high",-131275.524761448,"LBW","LBW",FALSE,"Newborn","Rangpur","BGD","0.7.0","gbd2021",2021,"gbd2023","0.7.0"
"scenario","BGD.6_1","PM25",18456907.9806026,"high",-25267719.6054659,"Absences","Absences",FALSE,"25+","Rangpur","BGD","0.7.0","gbd2021",2021,"gbd2023","0.7.0"
"scenario","BGD.7_1","PM25",10178376.7382965,"central",-28086.3306545799,"LRI.child","YLLs",FALSE,"0-4","Sylhet","BGD","0.7.0","gbd2021",2021,"gbd2023","0.7.0"
"scenario","BGD.7_1","PM25",10178376.7382965,"central",-314.328411892246,"LRI.child","Deaths.child",FALSE,"0-4","Sylhet","BGD","0.7.0","gbd2021",2021,"gbd2023","0.7.0"
"scenario","BGD.7_1","PM25",10178376.7382965,"central",-41312.5946049028,"COPD","YLLs",FALSE,"25+","Sylhet","BGD","0.7.0","gbd2021",2021,"gbd2023","0.7.0"
"scenario","BGD.7_1","PM25",10178376.7382965,"central",-10344.0123505288,"COPD","YLDs",FALSE,"25+","Sylhet","BGD","0.7.0","gbd2021",2021,"gbd2023","0.7.0"
"scenario","BGD.7_1","PM25",10178376.7382965,"central",-2156.69713622641,"COPD","Deaths",FALSE,"25+","Sylhet","BGD","0.7.0","gbd2021",2021,"gbd2023","0.7.0"
"scenario","BGD.7_1","PM25",10178376.7382965,"central",-12617.4267932671,"Diabetes","YLDs",FALSE,"25+","Sylhet","BGD","0.7.0","gbd2021",2021,"gbd2023","0.7.0"
"scenario","BGD.7_1","PM25",10178376.7382965,"central",-642.511854532012,"Diabetes","Deaths",FALSE,"25+","Sylhet","BGD","0.7.0","gbd2021",2021,"gbd2023","0.7.0"
"scenario","BGD.7_1","PM25",10178376.7382965,"central",-4248.2141321144,"LC","YLLs",FALSE,"25+","Sylhet","BGD","0.7.0","gbd2021",2021,"gbd2023","0.7.0"
"scenario","BGD.7_1","PM25",10178376.7382965,"central",-160.87556142947,"LC","Deaths",FALSE,"25+","Sylhet","BGD","0.7.0","gbd2021",2021,"gbd2023","0.7.0"
"scenario","BGD.7_1","PM25",10178376.7382965,"central",-6512.14425127685,"Dementia","YLLs",FALSE,"25+","Sylhet","BGD","0.7.0","gbd2021",2021,"gbd2023","0.7.0"
"scenario","BGD.7_1","PM25",10178376.7382965,"central",-2834.12967130346,"Dementia","YLDs",FALSE,"25+","Sylhet","BGD","0.7.0","gbd2021",2021,"gbd2023","0.7.0"
"scenario","BGD.7_1","PM25",10178376.7382965,"central",-447.779398850998,"Dementia","Deaths",FALSE,"25+","Sylhet","BGD","0.7.0","gbd2021",2021,"gbd2023","0.7.0"
"scenario","BGD.7_1","PM25",10178376.7382965,"central",-83173.4114026163,"IHD","YLLs",FALSE,"25+","Sylhet","BGD","0.7.0","gbd2021",2021,"gbd2023","0.7.0"
"scenario","BGD.7_1","PM25",10178376.7382965,"central",-3476.40728984427,"IHD","Deaths",FALSE,"25+","Sylhet","BGD","0.7.0","gbd2021",2021,"gbd2023","0.7.0"
"scenario","BGD.7_1","PM25",10178376.7382965,"central",-9556.22818583453,"LRI","YLLs",FALSE,"25+","Sylhet","BGD","0.7.0","gbd2021",2021,"gbd2023","0.7.0"
"scenario","BGD.7_1","PM25",10178376.7382965,"central",-473.788202438905,"LRI","Deaths",FALSE,"25+","Sylhet","BGD","0.7.0","gbd2021",2021,"gbd2023","0.7.0"
"scenario","BGD.7_1","PM25",10178376.7382965,"central",-90453.9741294698,"Stroke","YLLs",FALSE,"25+","Sylhet","BGD","0.7.0","gbd2021",2021,"gbd2023","0.7.0"
"scenario","BGD.7_1","PM25",10178376.7382965,"central",-4821.62734756139,"Stroke","YLDs",FALSE,"25+","Sylhet","BGD","0.7.0","gbd2021",2021,"gbd2023","0.7.0"
"scenario","BGD.7_1","PM25",10178376.7382965,"central",-4337.7814121054,"Stroke","Deaths",FALSE,"25+","Sylhet","BGD","0.7.0","gbd2021",2021,"gbd2023","0.7.0"
"scenario","BGD.7_1","PM25",10178376.7382965,"central",-14193.2911872226,"Asthma.0to17","AsthmaERV",FALSE,"0-18","Sylhet","BGD","0.7.0","gbd2021",2021,"gbd2023","0.7.0"
"scenario","BGD.7_1","PM25",10178376.7382965,"central",-16471.9237419716,"Asthma.18to99","AsthmaERV",FALSE,"25+","Sylhet","BGD","0.7.0","gbd2021",2021,"gbd2023","0.7.0"
"scenario","BGD.7_1","PM25",10178376.7382965,"central",-41017.9116171444,"PTB","PTB",FALSE,"Newborn","Sylhet","BGD","0.7.0","gbd2021",2021,"gbd2023","0.7.0"
"scenario","BGD.7_1","PM25",10178376.7382965,"central",-33445.9217856582,"LBW","LBW",FALSE,"Newborn","Sylhet","BGD","0.7.0","gbd2021",2021,"gbd2023","0.7.0"
"scenario","BGD.7_1","PM25",10178376.7382965,"central",-11882787.1281316,"Absences","Absences",FALSE,"25+","Sylhet","BGD","0.7.0","gbd2021",2021,"gbd2023","0.7.0"
"scenario","BGD.7_1","PM25",10178376.7382965,"low",-9969.93760094356,"LRI.child","YLLs",FALSE,"0-4","Sylhet","BGD","0.7.0","gbd2021",2021,"gbd2023","0.7.0"
"scenario","BGD.7_1","PM25",10178376.7382965,"low",-111.609445426443,"LRI.child","Deaths.child",FALSE,"0-4","Sylhet","BGD","0.7.0","gbd2021",2021,"gbd2023","0.7.0"
"scenario","BGD.7_1","PM25",10178376.7382965,"low",-27808.4062721282,"COPD","YLLs",FALSE,"25+","Sylhet","BGD","0.7.0","gbd2021",2021,"gbd2023","0.7.0"
"scenario","BGD.7_1","PM25",10178376.7382965,"low",-7067.39539757074,"COPD","YLDs",FALSE,"25+","Sylhet","BGD","0.7.0","gbd2021",2021,"gbd2023","0.7.0"
"scenario","BGD.7_1","PM25",10178376.7382965,"low",-1486.3951191359,"COPD","Deaths",FALSE,"25+","Sylhet","BGD","0.7.0","gbd2021",2021,"gbd2023","0.7.0"
"scenario","BGD.7_1","PM25",10178376.7382965,"low",-5397.78977633735,"Diabetes","YLDs",FALSE,"25+","Sylhet","BGD","0.7.0","gbd2021",2021,"gbd2023","0.7.0"
"scenario","BGD.7_1","PM25",10178376.7382965,"low",-333.084952685769,"Diabetes","Deaths",FALSE,"25+","Sylhet","BGD","0.7.0","gbd2021",2021,"gbd2023","0.7.0"
"scenario","BGD.7_1","PM25",10178376.7382965,"low",-2129.40016570231,"LC","YLLs",FALSE,"25+","Sylhet","BGD","0.7.0","gbd2021",2021,"gbd2023","0.7.0"
"scenario","BGD.7_1","PM25",10178376.7382965,"low",-80.8283683776568,"LC","Deaths",FALSE,"25+","Sylhet","BGD","0.7.0","gbd2021",2021,"gbd2023","0.7.0"
"scenario","BGD.7_1","PM25",10178376.7382965,"low",-399.898025948095,"Dementia","YLLs",FALSE,"25+","Sylhet","BGD","0.7.0","gbd2021",2021,"gbd2023","0.7.0"
"scenario","BGD.7_1","PM25",10178376.7382965,"low",-513.87149620642,"Dementia","YLDs",FALSE,"25+","Sylhet","BGD","0.7.0","gbd2021",2021,"gbd2023","0.7.0"
"scenario","BGD.7_1","PM25",10178376.7382965,"low",-27.9865935937298,"Dementia","Deaths",FALSE,"25+","Sylhet","BGD","0.7.0","gbd2021",2021,"gbd2023","0.7.0"
"scenario","BGD.7_1","PM25",10178376.7382965,"low",-49255.7390154458,"IHD","YLLs",FALSE,"25+","Sylhet","BGD","0.7.0","gbd2021",2021,"gbd2023","0.7.0"
"scenario","BGD.7_1","PM25",10178376.7382965,"low",-2102.71357440647,"IHD","Deaths",FALSE,"25+","Sylhet","BGD","0.7.0","gbd2021",2021,"gbd2023","0.7.0"
"scenario","BGD.7_1","PM25",10178376.7382965,"low",-3431.69503537032,"LRI","YLLs",FALSE,"25+","Sylhet","BGD","0.7.0","gbd2021",2021,"gbd2023","0.7.0"
"scenario","BGD.7_1","PM25",10178376.7382965,"low",-172.128178917041,"LRI","Deaths",FALSE,"25+","Sylhet","BGD","0.7.0","gbd2021",2021,"gbd2023","0.7.0"
"scenario","BGD.7_1","PM25",10178376.7382965,"low",-46205.1383158679,"Stroke","YLLs",FALSE,"25+","Sylhet","BGD","0.7.0","gbd2021",2021,"gbd2023","0.7.0"
"scenario","BGD.7_1","PM25",10178376.7382965,"low",-2200.23484343142,"Stroke","YLDs",FALSE,"25+","Sylhet","BGD","0.7.0","gbd2021",2021,"gbd2023","0.7.0"
"scenario","BGD.7_1","PM25",10178376.7382965,"low",-2273.29980111488,"Stroke","Deaths",FALSE,"25+","Sylhet","BGD","0.7.0","gbd2021",2021,"gbd2023","0.7.0"
"scenario","BGD.7_1","PM25",10178376.7382965,"low",-7188.01688746255,"Asthma.0to17","AsthmaERV",FALSE,"0-18","Sylhet","BGD","0.7.0","gbd2021",2021,"gbd2023","0.7.0"
"scenario","BGD.7_1","PM25",10178376.7382965,"low",-10554.9489776413,"Asthma.18to99","AsthmaERV",FALSE,"25+","Sylhet","BGD","0.7.0","gbd2021",2021,"gbd2023","0.7.0"
"scenario","BGD.7_1","PM25",10178376.7382965,"low",-16243.7582846032,"PTB","PTB",FALSE,"Newborn","Sylhet","BGD","0.7.0","gbd2021",2021,"gbd2023","0.7.0"
"scenario","BGD.7_1","PM25",10178376.7382965,"low",-8536.66665650978,"LBW","LBW",FALSE,"Newborn","Sylhet","BGD","0.7.0","gbd2021",2021,"gbd2023","0.7.0"
"scenario","BGD.7_1","PM25",10178376.7382965,"low",-9898768.5288522,"Absences","Absences",FALSE,"25+","Sylhet","BGD","0.7.0","gbd2021",2021,"gbd2023","0.7.0"
"scenario","BGD.7_1","PM25",10178376.7382965,"high",-50099.9800510695,"LRI.child","YLLs",FALSE,"0-4","Sylhet","BGD","0.7.0","gbd2021",2021,"gbd2023","0.7.0"
"scenario","BGD.7_1","PM25",10178376.7382965,"high",-560.660907256281,"LRI.child","Deaths.child",FALSE,"0-4","Sylhet","BGD","0.7.0","gbd2021",2021,"gbd2023","0.7.0"
"scenario","BGD.7_1","PM25",10178376.7382965,"high",-59724.9780975582,"COPD","YLLs",FALSE,"25+","Sylhet","BGD","0.7.0","gbd2021",2021,"gbd2023","0.7.0"
"scenario","BGD.7_1","PM25",10178376.7382965,"high",-13879.0378220716,"COPD","YLDs",FALSE,"25+","Sylhet","BGD","0.7.0","gbd2021",2021,"gbd2023","0.7.0"
"scenario","BGD.7_1","PM25",10178376.7382965,"high",-3093.89673819038,"COPD","Deaths",FALSE,"25+","Sylhet","BGD","0.7.0","gbd2021",2021,"gbd2023","0.7.0"
"scenario","BGD.7_1","PM25",10178376.7382965,"high",-22976.1361668749,"Diabetes","YLDs",FALSE,"25+","Sylhet","BGD","0.7.0","gbd2021",2021,"gbd2023","0.7.0"
"scenario","BGD.7_1","PM25",10178376.7382965,"high",-998.730215098941,"Diabetes","Deaths",FALSE,"25+","Sylhet","BGD","0.7.0","gbd2021",2021,"gbd2023","0.7.0"
"scenario","BGD.7_1","PM25",10178376.7382965,"high",-7705.84971501366,"LC","YLLs",FALSE,"25+","Sylhet","BGD","0.7.0","gbd2021",2021,"gbd2023","0.7.0"
"scenario","BGD.7_1","PM25",10178376.7382965,"high",-284.327640285086,"LC","Deaths",FALSE,"25+","Sylhet","BGD","0.7.0","gbd2021",2021,"gbd2023","0.7.0"
"scenario","BGD.7_1","PM25",10178376.7382965,"high",-26213.9056341233,"Dementia","YLLs",FALSE,"25+","Sylhet","BGD","0.7.0","gbd2021",2021,"gbd2023","0.7.0"
"scenario","BGD.7_1","PM25",10178376.7382965,"high",-5377.63232473392,"Dementia","YLDs",FALSE,"25+","Sylhet","BGD","0.7.0","gbd2021",2021,"gbd2023","0.7.0"
"scenario","BGD.7_1","PM25",10178376.7382965,"high",-1786.3597428602,"Dementia","Deaths",FALSE,"25+","Sylhet","BGD","0.7.0","gbd2021",2021,"gbd2023","0.7.0"
"scenario","BGD.7_1","PM25",10178376.7382965,"high",-123575.080621134,"IHD","YLLs",FALSE,"25+","Sylhet","BGD","0.7.0","gbd2021",2021,"gbd2023","0.7.0"
"scenario","BGD.7_1","PM25",10178376.7382965,"high",-5085.72220961288,"IHD","Deaths",FALSE,"25+","Sylhet","BGD","0.7.0","gbd2021",2021,"gbd2023","0.7.0"
"scenario","BGD.7_1","PM25",10178376.7382965,"high",-17071.6323058371,"LRI","YLLs",FALSE,"25+","Sylhet","BGD","0.7.0","gbd2021",2021,"gbd2023","0.7.0"
"scenario","BGD.7_1","PM25",10178376.7382965,"high",-843.219159277382,"LRI","Deaths",FALSE,"25+","Sylhet","BGD","0.7.0","gbd2021",2021,"gbd2023","0.7.0"
"scenario","BGD.7_1","PM25",10178376.7382965,"high",-142920.225701827,"Stroke","YLLs",FALSE,"25+","Sylhet","BGD","0.7.0","gbd2021",2021,"gbd2023","0.7.0"
"scenario","BGD.7_1","PM25",10178376.7382965,"high",-7887.28310001545,"Stroke","YLDs",FALSE,"25+","Sylhet","BGD","0.7.0","gbd2021",2021,"gbd2023","0.7.0"
"scenario","BGD.7_1","PM25",10178376.7382965,"high",-6795.01797791308,"Stroke","Deaths",FALSE,"25+","Sylhet","BGD","0.7.0","gbd2021",2021,"gbd2023","0.7.0"
"scenario","BGD.7_1","PM25",10178376.7382965,"high",-21568.8680644808,"Asthma.0to17","AsthmaERV",FALSE,"0-18","Sylhet","BGD","0.7.0","gbd2021",2021,"gbd2023","0.7.0"
"scenario","BGD.7_1","PM25",10178376.7382965,"high",-22596.0339887542,"Asthma.18to99","AsthmaERV",FALSE,"25+","Sylhet","BGD","0.7.0","gbd2021",2021,"gbd2023","0.7.0"
"scenario","BGD.7_1","PM25",10178376.7382965,"high",-44655.6093461919,"PTB","PTB",FALSE,"Newborn","Sylhet","BGD","0.7.0","gbd2021",2021,"gbd2023","0.7.0"
"scenario","BGD.7_1","PM25",10178376.7382965,"high",-72394.1273881767,"LBW","LBW",FALSE,"Newborn","Sylhet","BGD","0.7.0","gbd2021",2021,"gbd2023","0.7.0"
"scenario","BGD.7_1","PM25",10178376.7382965,"high",-13934314.9856064,"Absences","Absences",FALSE,"25+","Sylhet","BGD","0.7.0","gbd2021",2021,"gbd2023","0.7.0"
"scenario","BGD.8_1","PM25",12581924.9292547,"central",-34718.7093698878,"LRI.child","YLLs",FALSE,"0-4","Mymensingh","BGD","0.7.0","gbd2021",2021,"gbd2023","0.7.0"
"scenario","BGD.8_1","PM25",12581924.9292547,"central",-388.554735518851,"LRI.child","Deaths.child",FALSE,"0-4","Mymensingh","BGD","0.7.0","gbd2021",2021,"gbd2023","0.7.0"
"scenario","BGD.8_1","PM25",12581924.9292547,"central",-51068.2574752698,"COPD","YLLs",FALSE,"25+","Mymensingh","BGD","0.7.0","gbd2021",2021,"gbd2023","0.7.0"
"scenario","BGD.8_1","PM25",12581924.9292547,"central",-12786.6741630768,"COPD","YLDs",FALSE,"25+","Mymensingh","BGD","0.7.0","gbd2021",2021,"gbd2023","0.7.0"
"scenario","BGD.8_1","PM25",12581924.9292547,"central",-2665.98517237445,"COPD","Deaths",FALSE,"25+","Mymensingh","BGD","0.7.0","gbd2021",2021,"gbd2023","0.7.0"
"scenario","BGD.8_1","PM25",12581924.9292547,"central",-15596.9385684009,"Diabetes","YLDs",FALSE,"25+","Mymensingh","BGD","0.7.0","gbd2021",2021,"gbd2023","0.7.0"
"scenario","BGD.8_1","PM25",12581924.9292547,"central",-794.236264556944,"Diabetes","Deaths",FALSE,"25+","Mymensingh","BGD","0.7.0","gbd2021",2021,"gbd2023","0.7.0"
"scenario","BGD.8_1","PM25",12581924.9292547,"central",-5251.39839760016,"LC","YLLs",FALSE,"25+","Mymensingh","BGD","0.7.0","gbd2021",2021,"gbd2023","0.7.0"
"scenario","BGD.8_1","PM25",12581924.9292547,"central",-198.865132319322,"LC","Deaths",FALSE,"25+","Mymensingh","BGD","0.7.0","gbd2021",2021,"gbd2023","0.7.0"
"scenario","BGD.8_1","PM25",12581924.9292547,"central",-8049.93882666546,"Dementia","YLLs",FALSE,"25+","Mymensingh","BGD","0.7.0","gbd2021",2021,"gbd2023","0.7.0"
"scenario","BGD.8_1","PM25",12581924.9292547,"central",-3503.38837723949,"Dementia","YLDs",FALSE,"25+","Mymensingh","BGD","0.7.0","gbd2021",2021,"gbd2023","0.7.0"
"scenario","BGD.8_1","PM25",12581924.9292547,"central",-553.519183467843,"Dementia","Deaths",FALSE,"25+","Mymensingh","BGD","0.7.0","gbd2021",2021,"gbd2023","0.7.0"
"scenario","BGD.8_1","PM25",12581924.9292547,"central",-102814.195748943,"IHD","YLLs",FALSE,"25+","Mymensingh","BGD","0.7.0","gbd2021",2021,"gbd2023","0.7.0"
"scenario","BGD.8_1","PM25",12581924.9292547,"central",-4297.33509271281,"IHD","Deaths",FALSE,"25+","Mymensingh","BGD","0.7.0","gbd2021",2021,"gbd2023","0.7.0"
"scenario","BGD.8_1","PM25",12581924.9292547,"central",-11812.8606095513,"LRI","YLLs",FALSE,"25+","Mymensingh","BGD","0.7.0","gbd2021",2021,"gbd2023","0.7.0"
"scenario","BGD.8_1","PM25",12581924.9292547,"central",-585.669773159764,"LRI","Deaths",FALSE,"25+","Mymensingh","BGD","0.7.0","gbd2021",2021,"gbd2023","0.7.0"
"scenario","BGD.8_1","PM25",12581924.9292547,"central",-111814.009376136,"Stroke","YLLs",FALSE,"25+","Mymensingh","BGD","0.7.0","gbd2021",2021,"gbd2023","0.7.0"
"scenario","BGD.8_1","PM25",12581924.9292547,"central",-5960.21889183988,"Stroke","YLDs",FALSE,"25+","Mymensingh","BGD","0.7.0","gbd2021",2021,"gbd2023","0.7.0"
"scenario","BGD.8_1","PM25",12581924.9292547,"central",-5362.11632659222,"Stroke","Deaths",FALSE,"25+","Mymensingh","BGD","0.7.0","gbd2021",2021,"gbd2023","0.7.0"
"scenario","BGD.8_1","PM25",12581924.9292547,"central",-17544.9316534707,"Asthma.0to17","AsthmaERV",FALSE,"0-18","Mymensingh","BGD","0.7.0","gbd2021",2021,"gbd2023","0.7.0"
"scenario","BGD.8_1","PM25",12581924.9292547,"central",-20361.6463892632,"Asthma.18to99","AsthmaERV",FALSE,"25+","Mymensingh","BGD","0.7.0","gbd2021",2021,"gbd2023","0.7.0"
"scenario","BGD.8_1","PM25",12581924.9292547,"central",-50703.987285117,"PTB","PTB",FALSE,"Newborn","Mymensingh","BGD","0.7.0","gbd2021",2021,"gbd2023","0.7.0"
"scenario","BGD.8_1","PM25",12581924.9292547,"central",-41343.9282035558,"LBW","LBW",FALSE,"Newborn","Mymensingh","BGD","0.7.0","gbd2021",2021,"gbd2023","0.7.0"
"scenario","BGD.8_1","PM25",12581924.9292547,"central",-14688819.1939227,"Absences","Absences",FALSE,"25+","Mymensingh","BGD","0.7.0","gbd2021",2021,"gbd2023","0.7.0"
"scenario","BGD.8_1","PM25",12581924.9292547,"low",-12324.2644352561,"LRI.child","YLLs",FALSE,"0-4","Mymensingh","BGD","0.7.0","gbd2021",2021,"gbd2023","0.7.0"
"scenario","BGD.8_1","PM25",12581924.9292547,"low",-137.965188345571,"LRI.child","Deaths.child",FALSE,"0-4","Mymensingh","BGD","0.7.0","gbd2021",2021,"gbd2023","0.7.0"
"scenario","BGD.8_1","PM25",12581924.9292547,"low",-34375.1552054151,"COPD","YLLs",FALSE,"25+","Mymensingh","BGD","0.7.0","gbd2021",2021,"gbd2023","0.7.0"
"scenario","BGD.8_1","PM25",12581924.9292547,"low",-8736.30841379887,"COPD","YLDs",FALSE,"25+","Mymensingh","BGD","0.7.0","gbd2021",2021,"gbd2023","0.7.0"
"scenario","BGD.8_1","PM25",12581924.9292547,"low",-1837.39630444336,"COPD","Deaths",FALSE,"25+","Mymensingh","BGD","0.7.0","gbd2021",2021,"gbd2023","0.7.0"
"scenario","BGD.8_1","PM25",12581924.9292547,"low",-6672.43780574975,"Diabetes","YLDs",FALSE,"25+","Mymensingh","BGD","0.7.0","gbd2021",2021,"gbd2023","0.7.0"
"scenario","BGD.8_1","PM25",12581924.9292547,"low",-411.740494335249,"Diabetes","Deaths",FALSE,"25+","Mymensingh","BGD","0.7.0","gbd2021",2021,"gbd2023","0.7.0"
"scenario","BGD.8_1","PM25",12581924.9292547,"low",-2632.24222467646,"LC","YLLs",FALSE,"25+","Mymensingh","BGD","0.7.0","gbd2021",2021,"gbd2023","0.7.0"
"scenario","BGD.8_1","PM25",12581924.9292547,"low",-99.9153882028555,"LC","Deaths",FALSE,"25+","Mymensingh","BGD","0.7.0","gbd2021",2021,"gbd2023","0.7.0"
"scenario","BGD.8_1","PM25",12581924.9292547,"low",-494.330979409015,"Dementia","YLLs",FALSE,"25+","Mymensingh","BGD","0.7.0","gbd2021",2021,"gbd2023","0.7.0"
"scenario","BGD.8_1","PM25",12581924.9292547,"low",-635.218439520545,"Dementia","YLDs",FALSE,"25+","Mymensingh","BGD","0.7.0","gbd2021",2021,"gbd2023","0.7.0"
"scenario","BGD.8_1","PM25",12581924.9292547,"low",-34.5954201416993,"Dementia","Deaths",FALSE,"25+","Mymensingh","BGD","0.7.0","gbd2021",2021,"gbd2023","0.7.0"
"scenario","BGD.8_1","PM25",12581924.9292547,"low",-60887.1165375059,"IHD","YLLs",FALSE,"25+","Mymensingh","BGD","0.7.0","gbd2021",2021,"gbd2023","0.7.0"
"scenario","BGD.8_1","PM25",12581924.9292547,"low",-2599.2537927354,"IHD","Deaths",FALSE,"25+","Mymensingh","BGD","0.7.0","gbd2021",2021,"gbd2023","0.7.0"
"scenario","BGD.8_1","PM25",12581924.9292547,"low",-4242.06437090004,"LRI","YLLs",FALSE,"25+","Mymensingh","BGD","0.7.0","gbd2021",2021,"gbd2023","0.7.0"
"scenario","BGD.8_1","PM25",12581924.9292547,"low",-212.774971984971,"LRI","Deaths",FALSE,"25+","Mymensingh","BGD","0.7.0","gbd2021",2021,"gbd2023","0.7.0"
"scenario","BGD.8_1","PM25",12581924.9292547,"low",-57116.1391038636,"Stroke","YLLs",FALSE,"25+","Mymensingh","BGD","0.7.0","gbd2021",2021,"gbd2023","0.7.0"
"scenario","BGD.8_1","PM25",12581924.9292547,"low",-2719.80398629039,"Stroke","YLDs",FALSE,"25+","Mymensingh","BGD","0.7.0","gbd2021",2021,"gbd2023","0.7.0"
"scenario","BGD.8_1","PM25",12581924.9292547,"low",-2810.12269193169,"Stroke","Deaths",FALSE,"25+","Mymensingh","BGD","0.7.0","gbd2021",2021,"gbd2023","0.7.0"
"scenario","BGD.8_1","PM25",12581924.9292547,"low",-8885.41377408334,"Asthma.0to17","AsthmaERV",FALSE,"0-18","Mymensingh","BGD","0.7.0","gbd2021",2021,"gbd2023","0.7.0"
"scenario","BGD.8_1","PM25",12581924.9292547,"low",-13047.4219105219,"Asthma.18to99","AsthmaERV",FALSE,"25+","Mymensingh","BGD","0.7.0","gbd2021",2021,"gbd2023","0.7.0"
"scenario","BGD.8_1","PM25",12581924.9292547,"low",-20079.6013510542,"PTB","PTB",FALSE,"Newborn","Mymensingh","BGD","0.7.0","gbd2021",2021,"gbd2023","0.7.0"
"scenario","BGD.8_1","PM25",12581924.9292547,"low",-10552.5371854386,"LBW","LBW",FALSE,"Newborn","Mymensingh","BGD","0.7.0","gbd2021",2021,"gbd2023","0.7.0"
"scenario","BGD.8_1","PM25",12581924.9292547,"low",-12236289.3145309,"Absences","Absences",FALSE,"25+","Mymensingh","BGD","0.7.0","gbd2021",2021,"gbd2023","0.7.0"
"scenario","BGD.8_1","PM25",12581924.9292547,"high",-61930.718833386,"LRI.child","YLLs",FALSE,"0-4","Mymensingh","BGD","0.7.0","gbd2021",2021,"gbd2023","0.7.0"
"scenario","BGD.8_1","PM25",12581924.9292547,"high",-693.056823031981,"LRI.child","Deaths.child",FALSE,"0-4","Mymensingh","BGD","0.7.0","gbd2021",2021,"gbd2023","0.7.0"
"scenario","BGD.8_1","PM25",12581924.9292547,"high",-73828.5887962351,"COPD","YLLs",FALSE,"25+","Mymensingh","BGD","0.7.0","gbd2021",2021,"gbd2023","0.7.0"
"scenario","BGD.8_1","PM25",12581924.9292547,"high",-17156.4696864244,"COPD","YLDs",FALSE,"25+","Mymensingh","BGD","0.7.0","gbd2021",2021,"gbd2023","0.7.0"
"scenario","BGD.8_1","PM25",12581924.9292547,"high",-3824.49751071921,"COPD","Deaths",FALSE,"25+","Mymensingh","BGD","0.7.0","gbd2021",2021,"gbd2023","0.7.0"
"scenario","BGD.8_1","PM25",12581924.9292547,"high",-28401.7803475737,"Diabetes","YLDs",FALSE,"25+","Mymensingh","BGD","0.7.0","gbd2021",2021,"gbd2023","0.7.0"
"scenario","BGD.8_1","PM25",12581924.9292547,"high",-1234.57294950317,"Diabetes","Deaths",FALSE,"25+","Mymensingh","BGD","0.7.0","gbd2021",2021,"gbd2023","0.7.0"
"scenario","BGD.8_1","PM25",12581924.9292547,"high",-9525.52898397109,"LC","YLLs",FALSE,"25+","Mymensingh","BGD","0.7.0","gbd2021",2021,"gbd2023","0.7.0"
"scenario","BGD.8_1","PM25",12581924.9292547,"high",-351.469504161605,"LC","Deaths",FALSE,"25+","Mymensingh","BGD","0.7.0","gbd2021",2021,"gbd2023","0.7.0"
"scenario","BGD.8_1","PM25",12581924.9292547,"high",-32404.1250654576,"Dementia","YLLs",FALSE,"25+","Mymensingh","BGD","0.7.0","gbd2021",2021,"gbd2023","0.7.0"
"scenario","BGD.8_1","PM25",12581924.9292547,"high",-6647.52032142398,"Dementia","YLDs",FALSE,"25+","Mymensingh","BGD","0.7.0","gbd2021",2021,"gbd2023","0.7.0"
"scenario","BGD.8_1","PM25",12581924.9292547,"high",-2208.19534973033,"Dementia","Deaths",FALSE,"25+","Mymensingh","BGD","0.7.0","gbd2021",2021,"gbd2023","0.7.0"
"scenario","BGD.8_1","PM25",12581924.9292547,"high",-152756.419562626,"IHD","YLLs",FALSE,"25+","Mymensingh","BGD","0.7.0","gbd2021",2021,"gbd2023","0.7.0"
"scenario","BGD.8_1","PM25",12581924.9292547,"high",-6286.6777972203,"IHD","Deaths",FALSE,"25+","Mymensingh","BGD","0.7.0","gbd2021",2021,"gbd2023","0.7.0"
"scenario","BGD.8_1","PM25",12581924.9292547,"high",-21102.9716834623,"LRI","YLLs",FALSE,"25+","Mymensingh","BGD","0.7.0","gbd2021",2021,"gbd2023","0.7.0"
"scenario","BGD.8_1","PM25",12581924.9292547,"high",-1042.33911101162,"LRI","Deaths",FALSE,"25+","Mymensingh","BGD","0.7.0","gbd2021",2021,"gbd2023","0.7.0"
"scenario","BGD.8_1","PM25",12581924.9292547,"high",-176669.777203931,"Stroke","YLLs",FALSE,"25+","Mymensingh","BGD","0.7.0","gbd2021",2021,"gbd2023","0.7.0"
"scenario","BGD.8_1","PM25",12581924.9292547,"high",-9749.80651745675,"Stroke","YLDs",FALSE,"25+","Mymensingh","BGD","0.7.0","gbd2021",2021,"gbd2023","0.7.0"
"scenario","BGD.8_1","PM25",12581924.9292547,"high",-8399.61108625136,"Stroke","Deaths",FALSE,"25+","Mymensingh","BGD","0.7.0","gbd2021",2021,"gbd2023","0.7.0"
"scenario","BGD.8_1","PM25",12581924.9292547,"high",-26662.1963181249,"Asthma.0to17","AsthmaERV",FALSE,"0-18","Mymensingh","BGD","0.7.0","gbd2021",2021,"gbd2023","0.7.0"
"scenario","BGD.8_1","PM25",12581924.9292547,"high",-27931.9198586646,"Asthma.18to99","AsthmaERV",FALSE,"25+","Mymensingh","BGD","0.7.0","gbd2021",2021,"gbd2023","0.7.0"
"scenario","BGD.8_1","PM25",12581924.9292547,"high",-55200.7003582328,"PTB","PTB",FALSE,"Newborn","Mymensingh","BGD","0.7.0","gbd2021",2021,"gbd2023","0.7.0"
"scenario","BGD.8_1","PM25",12581924.9292547,"high",-89489.4637461984,"LBW","LBW",FALSE,"Newborn","Mymensingh","BGD","0.7.0","gbd2021",2021,"gbd2023","0.7.0"
"scenario","BGD.8_1","PM25",12581924.9292547,"high",-17224800.1422309,"Absences","Absences",FALSE,"25+","Mymensingh","BGD","0.7.0","gbd2021",2021,"gbd2023","0.7.0"
